{"type":"internal","split":{"type":"continuous","featureIndex":0,"threshold":0.2970851750362174}}
{"type":"internal","split":{"type":"continuous","featureIndex":0,"threshold":-0.13798774459897667}}
{"type":"internal","split":{"type":"continuous","featureIndex":1,"threshold":0.31307828576252533}}
{"type":"internal","split":{"type":"continuous","featureIndex":8,"threshold":1.2193031527429277}}
{"type":"internal","split":{"type":"continuous","featureIndex":5,"threshold":0.06516472193658207}}
{"type":"leaf","values":[0.0,13.0,0.0,0.0,2.0,0.0,0.0,0.0,0.0,0.0]}
{"type":"leaf","values":[55.0,0.0,0.0,0.0,0.0,0.0,0.0,0.0,2.0,0.0]}
{"type":"internal","split":{"type":"continuous","featureIndex":5,"threshold":-0.8330160434254468}}
{"type":"leaf","values":[0.0,71.0,1.0,0.0,10.0,0.0,0.0,0.0,1.0,0.0]}
{"type":"leaf","values":[17.0,39.0,0.0,0.0,98.0,0.0,1.0,0.0,19.0,0.0]}
{"type":"internal","split":{"type":"continuous","featureIndex":3,"threshold":2.4967075316351366}}
{"type":"internal","split":{"type":"continuous","featureIndex":9,"threshold":-0.7966995758466864}}
{"type":"leaf","values":[2.0,0.0,1.0,0.0,2.0,0.0,0.0,0.0,7.0,0.0]}
{"type":"leaf","values":[4835.0,41.0,6.0,4.0,5.0,0.0,13.0,10.0,8.0,8.0]}
{"type":"internal","split":{"type":"continuous","featureIndex":9,"threshold":-0.49315066018296844}}
{"type":"leaf","values":[2.0,1.0,0.0,0.0,17.0,0.0,0.0,0.0,1.0,0.0]}
{"type":"leaf","values":[234.0,21.0,6.0,0.0,7.0,0.0,0.0,10.0,0.0,1.0]}
{"type":"internal","split":{"type":"continuous","featureIndex":9,"threshold":0.314491977903867}}
{"type":"internal","split":{"type":"continuous","featureIndex":2,"threshold":2.090843876018012}}
{"type":"internal","split":{"type":"continuous","featureIndex":5,"threshold":-0.9551892580124048}}
{"type":"leaf","values":[2.0,255.0,3.0,12.0,17.0,0.0,0.0,10.0,11.0,10.0]}
{"type":"leaf","values":[24.0,38.0,8.0,9.0,144.0,0.0,3.0,6.0,72.0,14.0]}
{"type":"internal","split":{"type":"continuous","featureIndex":5,"threshold":-2.809686964933255}}
{"type":"leaf","values":[38.0,0.0,0.0,0.0,0.0,0.0,0.0,0.0,0.0,0.0]}
{"type":"leaf","values":[5.0,0.0,0.0,0.0,33.0,0.0,5.0,10.0,6.0,20.0]}
{"type":"internal","split":{"type":"continuous","featureIndex":2,"threshold":-0.5768092610594084}}
{"type":"internal","split":{"type":"continuous","featureIndex":5,"threshold":0.5260300243800528}}
{"type":"leaf","values":[0.0,50.0,19.0,2.0,1.0,0.0,0.0,0.0,4.0,0.0]}
{"type":"leaf","values":[3.0,3.0,10.0,0.0,5.0,0.0,0.0,0.0,3.0,0.0]}
{"type":"internal","split":{"type":"continuous","featureIndex":1,"threshold":-0.05942078764109504}}
{"type":"leaf","values":[13.0,66.0,4.0,6.0,40.0,0.0,1.0,0.0,12.0,4.0]}
{"type":"leaf","values":[796.0,10.0,12.0,30.0,1.0,0.0,41.0,43.0,5.0,7.0]}
{"type":"internal","split":{"type":"continuous","featureIndex":0,"threshold":6.262746897713836}}
{"type":"internal","split":{"type":"continuous","featureIndex":3,"threshold":1.319628101879541}}
{"type":"internal","split":{"type":"continuous","featureIndex":5,"threshold":1.2388639039120635}}
{"type":"internal","split":{"type":"continuous","featureIndex":1,"threshold":-1.0012230389355814}}
{"type":"leaf","values":[0.0,478.0,29.0,290.0,1226.0,113.0,582.0,50.0,2650.0,92.0]}
{"type":"leaf","values":[256.0,166.0,362.0,4260.0,140.0,590.0,1002.0,598.0,193.0,719.0]}
{"type":"internal","split":{"type":"continuous","featureIndex":1,"threshold":2.025060706155404}}
{"type":"leaf","values":[33.0,16.0,70.0,64.0,11.0,29.0,2912.0,23.0,176.0,57.0]}
{"type":"leaf","values":[2.0,0.0,31.0,49.0,0.0,0.0,9.0,11.0,0.0,22.0]}
{"type":"internal","split":{"type":"continuous","featureIndex":1,"threshold":-1.0012230389355814}}
{"type":"internal","split":{"type":"continuous","featureIndex":6,"threshold":-2.9198266584417834}}
{"type":"leaf","values":[3.0,3185.0,27.0,22.0,578.0,9.0,3.0,155.0,25.0,11.0]}
{"type":"leaf","values":[2.0,1289.0,59.0,10.0,3098.0,38.0,4.0,276.0,2274.0,519.0]}
{"type":"internal","split":{"type":"continuous","featureIndex":7,"threshold":0.0064960590107934766}}
{"type":"leaf","values":[173.0,151.0,4571.0,485.0,155.0,841.0,486.0,729.0,85.0,1561.0]}
{"type":"leaf","values":[237.0,285.0,669.0,402.0,289.0,448.0,218.0,3855.0,186.0,2107.0]}
{"type":"internal","split":{"type":"continuous","featureIndex":4,"threshold":3.5164617613153686}}
{"type":"internal","split":{"type":"continuous","featureIndex":9,"threshold":-1.409423579858264}}
{"type":"internal","split":{"type":"continuous","featureIndex":2,"threshold":-0.5768092610594084}}
{"type":"leaf","values":[0.0,0.0,5.0,0.0,0.0,9.0,0.0,7.0,0.0,43.0]}
{"type":"leaf","values":[0.0,0.0,8.0,0.0,0.0,5.0,4.0,2.0,0.0,0.0]}
{"type":"internal","split":{"type":"continuous","featureIndex":1,"threshold":-1.535137485304471}}
{"type":"leaf","values":[0.0,19.0,0.0,0.0,9.0,48.0,17.0,1.0,20.0,0.0]}
{"type":"leaf","values":[0.0,0.0,19.0,34.0,9.0,3475.0,50.0,5.0,2.0,54.0]}
{"type":"internal","split":{"type":"continuous","featureIndex":5,"threshold":-0.32156287155697516}}
{"type":"internal","split":{"type":"continuous","featureIndex":2,"threshold":2.090843876018012}}
{"type":"leaf","values":[0.0,1.0,104.0,49.0,46.0,45.0,32.0,126.0,43.0,58.0]}
{"type":"leaf","values":[0.0,0.0,7.0,142.0,5.0,14.0,4.0,8.0,2.0,1.0]}
{"type":"internal","split":{"type":"continuous","featureIndex":3,"threshold":0.5561545238139307}}
{"type":"leaf","values":[0.0,0.0,2.0,9.0,0.0,11.0,207.0,2.0,8.0,0.0]}
{"type":"leaf","values":[0.0,1.0,49.0,8.0,5.0,255.0,36.0,33.0,8.0,129.0]}
