{"type":"internal","split":{"type":"continuous","featureIndex":1,"threshold":-1.0012230389355814}}
{"type":"internal","split":{"type":"continuous","featureIndex":3,"threshold":1.8774838517311507}}
{"type":"internal","split":{"type":"continuous","featureIndex":3,"threshold":-0.5121332219844741}}
{"type":"internal","split":{"type":"continuous","featureIndex":5,"threshold":-0.45312449744241934}}
{"type":"internal","split":{"type":"continuous","featureIndex":6,"threshold":-1.04592335557677}}
{"type":"leaf","values":[0.0,5.0,4.0,40.0,234.0,31.0,246.0,1.0,121.0,0.0]}
{"type":"leaf","values":[0.0,2.0,4.0,9.0,15.0,2.0,0.0,1.0,466.0,0.0]}
{"type":"internal","split":{"type":"continuous","featureIndex":9,"threshold":0.12649603089235412}}
{"type":"leaf","values":[0.0,2.0,0.0,2.0,6.0,1.0,616.0,0.0,51.0,0.0]}
{"type":"leaf","values":[0.0,3.0,2.0,20.0,8.0,4.0,78.0,0.0,56.0,0.0]}
{"type":"internal","split":{"type":"continuous","featureIndex":4,"threshold":2.259402058674739}}
{"type":"internal","split":{"type":"continuous","featureIndex":0,"threshold":4.632792690994753}}
{"type":"leaf","values":[0.0,457.0,1.0,33.0,49.0,25.0,5.0,11.0,75.0,75.0]}
{"type":"leaf","values":[0.0,47.0,0.0,0.0,16.0,93.0,6.0,3.0,11.0,0.0]}
{"type":"internal","split":{"type":"continuous","featureIndex":6,"threshold":-1.04592335557677}}
{"type":"leaf","values":[1.0,331.0,29.0,149.0,841.0,34.0,302.0,93.0,795.0,44.0]}
{"type":"leaf","values":[0.0,27.0,4.0,69.0,541.0,3.0,0.0,7.0,2177.0,30.0]}
{"type":"internal","split":{"type":"continuous","featureIndex":6,"threshold":-2.9198266584417834}}
{"type":"internal","split":{"type":"continuous","featureIndex":4,"threshold":4.022375949423704}}
{"type":"internal","split":{"type":"continuous","featureIndex":7,"threshold":0.4909409282273518}}
{"type":"leaf","values":[3.0,2816.0,5.0,14.0,126.0,19.0,0.0,6.0,4.0,2.0]}
{"type":"leaf","values":[0.0,274.0,2.0,0.0,84.0,0.0,0.0,11.0,12.0,8.0]}
{"type":"internal","split":{"type":"continuous","featureIndex":5,"threshold":-1.6742027194334501}}
{"type":"leaf","values":[0.0,153.0,8.0,4.0,47.0,0.0,0.0,37.0,2.0,0.0]}
{"type":"leaf","values":[0.0,115.0,6.0,0.0,354.0,14.0,0.0,74.0,30.0,7.0]}
{"type":"internal","split":{"type":"continuous","featureIndex":7,"threshold":-1.1644082482725073}}
{"type":"internal","split":{"type":"continuous","featureIndex":8,"threshold":2.7800825884676117}}
{"type":"leaf","values":[0.0,439.0,3.0,0.0,29.0,20.0,0.0,0.0,26.0,4.0]}
{"type":"leaf","values":[0.0,45.0,0.0,0.0,40.0,17.0,0.0,2.0,45.0,14.0]}
{"type":"internal","split":{"type":"continuous","featureIndex":4,"threshold":2.6140725887844907}}
{"type":"leaf","values":[0.0,398.0,2.0,1.0,110.0,23.0,0.0,15.0,17.0,216.0]}
{"type":"leaf","values":[0.0,163.0,57.0,1.0,2586.0,31.0,1.0,228.0,1236.0,215.0]}
{"type":"internal","split":{"type":"continuous","featureIndex":0,"threshold":0.2970851750362174}}
{"type":"internal","split":{"type":"continuous","featureIndex":1,"threshold":0.13790860640225538}}
{"type":"internal","split":{"type":"continuous","featureIndex":8,"threshold":1.4241455011918598}}
{"type":"internal","split":{"type":"continuous","featureIndex":4,"threshold":1.8850816976034281}}
{"type":"leaf","values":[36.0,6.0,0.0,0.0,5.0,0.0,0.0,0.0,0.0,0.0]}
{"type":"leaf","values":[44.0,74.0,3.0,6.0,26.0,0.0,4.0,1.0,25.0,1.0]}
{"type":"internal","split":{"type":"continuous","featureIndex":6,"threshold":-2.1039464929249583}}
{"type":"leaf","values":[6.0,138.0,4.0,6.0,134.0,0.0,1.0,0.0,9.0,0.0]}
{"type":"leaf","values":[2.0,9.0,1.0,2.0,64.0,0.0,1.0,0.0,88.0,5.0]}
{"type":"internal","split":{"type":"continuous","featureIndex":2,"threshold":-0.35912289573303674}}
{"type":"internal","split":{"type":"continuous","featureIndex":1,"threshold":1.4722354010961909}}
{"type":"leaf","values":[18.0,10.0,30.0,7.0,0.0,0.0,0.0,0.0,1.0,0.0]}
{"type":"leaf","values":[0.0,0.0,0.0,16.0,0.0,0.0,0.0,0.0,0.0,0.0]}
{"type":"internal","split":{"type":"continuous","featureIndex":3,"threshold":0.0791438564928421}}
{"type":"leaf","values":[7.0,0.0,0.0,31.0,0.0,0.0,3.0,0.0,0.0,8.0]}
{"type":"leaf","values":[5890.0,129.0,25.0,19.0,66.0,0.0,64.0,79.0,38.0,49.0]}
{"type":"internal","split":{"type":"continuous","featureIndex":5,"threshold":1.7364382120238928}}
{"type":"internal","split":{"type":"continuous","featureIndex":0,"threshold":6.262746897713836}}
{"type":"internal","split":{"type":"continuous","featureIndex":3,"threshold":1.0505919507414552}}
{"type":"leaf","values":[184.0,139.0,306.0,4071.0,109.0,500.0,1340.0,406.0,199.0,596.0]}
{"type":"leaf","values":[385.0,430.0,5074.0,1228.0,468.0,1262.0,290.0,4642.0,276.0,3234.0]}
{"type":"internal","split":{"type":"continuous","featureIndex":3,"threshold":-0.943709482783192}}
{"type":"leaf","values":[0.0,0.0,0.0,50.0,1.0,43.0,72.0,1.0,0.0,1.0]}
{"type":"leaf","values":[0.0,0.0,155.0,231.0,24.0,3463.0,63.0,148.0,4.0,231.0]}
{"type":"internal","split":{"type":"continuous","featureIndex":2,"threshold":0.04728784081112432}}
{"type":"internal","split":{"type":"continuous","featureIndex":6,"threshold":-1.4166105492222627}}
{"type":"leaf","values":[74.0,0.0,330.0,2.0,9.0,20.0,73.0,19.0,7.0,114.0]}
{"type":"leaf","values":[0.0,0.0,24.0,0.0,8.0,2.0,18.0,2.0,10.0,144.0]}
{"type":"internal","split":{"type":"continuous","featureIndex":6,"threshold":-1.04592335557677}}
{"type":"leaf","values":[61.0,0.0,82.0,43.0,1.0,191.0,2643.0,8.0,45.0,203.0]}
{"type":"leaf","values":[0.0,3.0,0.0,0.0,1.0,55.0,89.0,4.0,1.0,150.0]}
