{"type":"internal","split":{"type":"continuous","featureIndex":3,"threshold":0.5561545238139307}}
{"type":"internal","split":{"type":"continuous","featureIndex":9,"threshold":0.12649603089235412}}
{"type":"internal","split":{"type":"continuous","featureIndex":7,"threshold":-0.09524471151776161}}
{"type":"internal","split":{"type":"continuous","featureIndex":6,"threshold":-0.36915286493132793}}
{"type":"internal","split":{"type":"continuous","featureIndex":1,"threshold":-0.2761929510544496}}
{"type":"leaf","values":[0.0,82.0,6.0,38.0,106.0,27.0,314.0,4.0,147.0,9.0]}
{"type":"leaf","values":[2.0,2.0,60.0,539.0,4.0,23.0,155.0,42.0,6.0,109.0]}
{"type":"internal","split":{"type":"continuous","featureIndex":8,"threshold":0.7692287523917127}}
{"type":"leaf","values":[0.0,2.0,0.0,19.0,0.0,0.0,0.0,0.0,1.0,0.0]}
{"type":"leaf","values":[0.0,19.0,0.0,18.0,11.0,1.0,3.0,2.0,361.0,33.0]}
{"type":"internal","split":{"type":"continuous","featureIndex":5,"threshold":0.6884394773216727}}
{"type":"internal","split":{"type":"continuous","featureIndex":6,"threshold":-1.5244816214568837}}
{"type":"leaf","values":[43.0,6.0,9.0,85.0,24.0,252.0,726.0,51.0,49.0,47.0]}
{"type":"leaf","values":[6.0,17.0,0.0,12.0,34.0,37.0,19.0,31.0,284.0,76.0]}
{"type":"internal","split":{"type":"continuous","featureIndex":6,"threshold":-0.36915286493132793}}
{"type":"leaf","values":[4.0,0.0,18.0,20.0,0.0,19.0,1752.0,7.0,13.0,16.0]}
{"type":"leaf","values":[0.0,1.0,0.0,3.0,0.0,0.0,0.0,0.0,11.0,2.0]}
{"type":"internal","split":{"type":"continuous","featureIndex":2,"threshold":0.04728784081112432}}
{"type":"internal","split":{"type":"continuous","featureIndex":4,"threshold":1.6555487599249203}}
{"type":"internal","split":{"type":"continuous","featureIndex":1,"threshold":-0.2761929510544496}}
{"type":"leaf","values":[0.0,43.0,0.0,1.0,11.0,23.0,0.0,0.0,6.0,5.0]}
{"type":"leaf","values":[2.0,0.0,0.0,0.0,5.0,180.0,7.0,0.0,0.0,0.0]}
{"type":"internal","split":{"type":"continuous","featureIndex":0,"threshold":1.584558612497962}}
{"type":"leaf","values":[1.0,7.0,35.0,111.0,12.0,0.0,0.0,2.0,47.0,0.0]}
{"type":"leaf","values":[3.0,41.0,12.0,188.0,503.0,25.0,51.0,26.0,579.0,29.0]}
{"type":"internal","split":{"type":"continuous","featureIndex":4,"threshold":1.3603776231309532}}
{"type":"internal","split":{"type":"continuous","featureIndex":0,"threshold":3.122658529653896}}
{"type":"leaf","values":[9.0,2.0,0.0,9.0,9.0,12.0,16.0,0.0,8.0,5.0]}
{"type":"leaf","values":[0.0,0.0,0.0,1.0,12.0,220.0,14.0,0.0,19.0,0.0]}
{"type":"internal","split":{"type":"continuous","featureIndex":1,"threshold":-1.535137485304471}}
{"type":"leaf","values":[0.0,7.0,1.0,78.0,48.0,9.0,85.0,2.0,270.0,2.0]}
{"type":"leaf","values":[142.0,9.0,25.0,2578.0,12.0,18.0,940.0,15.0,68.0,50.0]}
{"type":"internal","split":{"type":"continuous","featureIndex":0,"threshold":0.2970851750362174}}
{"type":"internal","split":{"type":"continuous","featureIndex":3,"threshold":2.3402425469668793}}
{"type":"internal","split":{"type":"continuous","featureIndex":1,"threshold":0.13790860640225538}}
{"type":"internal","split":{"type":"continuous","featureIndex":5,"threshold":0.3623542641647797}}
{"type":"leaf","values":[2.0,187.0,12.0,2.0,20.0,0.0,0.0,2.0,55.0,2.0]}
{"type":"leaf","values":[66.0,4.0,0.0,0.0,26.0,0.0,3.0,0.0,27.0,0.0]}
{"type":"internal","split":{"type":"continuous","featureIndex":4,"threshold":2.432639289883263}}
{"type":"leaf","values":[3003.0,18.0,12.0,6.0,8.0,0.0,1.0,13.0,6.0,8.0]}
{"type":"leaf","values":[2265.0,57.0,12.0,18.0,12.0,0.0,56.0,31.0,22.0,9.0]}
{"type":"internal","split":{"type":"continuous","featureIndex":6,"threshold":-3.2281701017018047}}
{"type":"internal","split":{"type":"continuous","featureIndex":5,"threshold":-0.19749880091042912}}
{"type":"leaf","values":[89.0,228.0,11.0,4.0,25.0,0.0,0.0,1.0,0.0,0.0]}
{"type":"leaf","values":[283.0,14.0,7.0,0.0,40.0,0.0,0.0,10.0,2.0,0.0]}
{"type":"internal","split":{"type":"continuous","featureIndex":4,"threshold":2.432639289883263}}
{"type":"leaf","values":[13.0,65.0,4.0,0.0,28.0,0.0,0.0,2.0,1.0,6.0]}
{"type":"leaf","values":[72.0,33.0,13.0,0.0,226.0,0.0,1.0,22.0,70.0,1.0]}
{"type":"internal","split":{"type":"continuous","featureIndex":7,"threshold":-0.19386794009814642}}
{"type":"internal","split":{"type":"continuous","featureIndex":4,"threshold":3.2156331237157865}}
{"type":"internal","split":{"type":"continuous","featureIndex":1,"threshold":-1.2678939872317603}}
{"type":"leaf","values":[4.0,3205.0,2.0,14.0,183.0,51.0,1.0,3.0,90.0,40.0]}
{"type":"leaf","values":[54.0,126.0,1385.0,156.0,56.0,1160.0,157.0,88.0,38.0,1230.0]}
{"type":"internal","split":{"type":"continuous","featureIndex":3,"threshold":2.0376717931612047}}
{"type":"leaf","values":[196.0,182.0,453.0,729.0,306.0,79.0,636.0,195.0,836.0,92.0]}
{"type":"leaf","values":[41.0,615.0,3052.0,139.0,602.0,544.0,123.0,419.0,269.0,406.0]}
{"type":"internal","split":{"type":"continuous","featureIndex":4,"threshold":1.8850816976034281}}
{"type":"internal","split":{"type":"continuous","featureIndex":1,"threshold":-0.7280950238661672}}
{"type":"leaf","values":[0.0,144.0,2.0,2.0,13.0,51.0,0.0,3.0,14.0,166.0]}
{"type":"leaf","values":[33.0,4.0,50.0,12.0,6.0,2505.0,5.0,8.0,0.0,234.0]}
{"type":"internal","split":{"type":"continuous","featureIndex":5,"threshold":-0.5896881002088135}}
{"type":"leaf","values":[80.0,1137.0,575.0,903.0,1401.0,200.0,6.0,3452.0,994.0,359.0]}
{"type":"leaf","values":[276.0,188.0,433.0,81.0,2220.0,602.0,737.0,1360.0,1521.0,2444.0]}
