{"type":"internal","split":{"type":"continuous","featureIndex":4,"threshold":2.9288309721469172}}
{"type":"internal","split":{"type":"continuous","featureIndex":4,"threshold":0.9855939094545585}}
{"type":"internal","split":{"type":"continuous","featureIndex":4,"threshold":0.24549179932968984}}
{"type":"internal","split":{"type":"continuous","featureIndex":1,"threshold":-1.0012230389355814}}
{"type":"internal","split":{"type":"continuous","featureIndex":8,"threshold":3.2566227973567394}}
{"type":"leaf","values":[0.0,74.0,0.0,0.0,3.0,12.0,0.0,0.0,1.0,0.0]}
{"type":"leaf","values":[0.0,19.0,0.0,0.0,0.0,42.0,0.0,0.0,0.0,0.0]}
{"type":"internal","split":{"type":"continuous","featureIndex":3,"threshold":-1.5276810603020605}}
{"type":"leaf","values":[0.0,0.0,0.0,0.0,0.0,1.0,0.0,0.0,6.0,0.0]}
{"type":"leaf","values":[0.0,27.0,0.0,0.0,0.0,1579.0,1.0,0.0,0.0,5.0]}
{"type":"internal","split":{"type":"continuous","featureIndex":7,"threshold":-0.4255173082207488}}
{"type":"internal","split":{"type":"continuous","featureIndex":2,"threshold":2.4902643953015886}}
{"type":"leaf","values":[0.0,304.0,9.0,4.0,8.0,33.0,11.0,2.0,0.0,20.0]}
{"type":"leaf","values":[0.0,8.0,0.0,1.0,0.0,205.0,0.0,0.0,0.0,14.0]}
{"type":"internal","split":{"type":"continuous","featureIndex":0,"threshold":2.7896228658913618}}
{"type":"leaf","values":[166.0,11.0,0.0,1.0,11.0,1.0,6.0,0.0,1.0,34.0]}
{"type":"leaf","values":[0.0,19.0,3.0,3.0,9.0,905.0,11.0,0.0,14.0,26.0]}
{"type":"internal","split":{"type":"continuous","featureIndex":1,"threshold":-0.7280950238661672}}
{"type":"internal","split":{"type":"continuous","featureIndex":6,"threshold":-1.6437634016370248}}
{"type":"internal","split":{"type":"continuous","featureIndex":0,"threshold":4.085694022616153}}
{"type":"leaf","values":[3.0,2994.0,18.0,54.0,290.0,10.0,78.0,31.0,47.0,125.0]}
{"type":"leaf","values":[0.0,158.0,2.0,9.0,79.0,84.0,136.0,1.0,33.0,21.0]}
{"type":"internal","split":{"type":"continuous","featureIndex":3,"threshold":0.5561545238139307}}
{"type":"leaf","values":[0.0,35.0,2.0,57.0,59.0,2.0,13.0,5.0,416.0,23.0]}
{"type":"leaf","values":[2.0,269.0,10.0,3.0,165.0,33.0,0.0,24.0,168.0,339.0]}
{"type":"internal","split":{"type":"continuous","featureIndex":2,"threshold":-0.35912289573303674}}
{"type":"internal","split":{"type":"continuous","featureIndex":5,"threshold":-0.7104303666866539}}
{"type":"leaf","values":[1.0,14.0,81.0,23.0,7.0,367.0,14.0,19.0,0.0,195.0]}
{"type":"leaf","values":[105.0,28.0,880.0,32.0,40.0,88.0,21.0,41.0,32.0,485.0]}
{"type":"internal","split":{"type":"continuous","featureIndex":7,"threshold":-0.09524471151776161}}
{"type":"leaf","values":[144.0,36.0,404.0,249.0,24.0,554.0,230.0,47.0,10.0,1014.0]}
{"type":"leaf","values":[4030.0,156.0,24.0,141.0,100.0,767.0,228.0,101.0,37.0,537.0]}
{"type":"internal","split":{"type":"continuous","featureIndex":0,"threshold":0.2970851750362174}}
{"type":"internal","split":{"type":"continuous","featureIndex":0,"threshold":-0.13798774459897667}}
{"type":"internal","split":{"type":"continuous","featureIndex":9,"threshold":-0.49315066018296844}}
{"type":"internal","split":{"type":"continuous","featureIndex":1,"threshold":0.7317482572101812}}
{"type":"leaf","values":[3.0,5.0,0.0,0.0,45.0,0.0,0.0,0.0,13.0,0.0]}
{"type":"leaf","values":[17.0,5.0,0.0,0.0,0.0,0.0,0.0,0.0,6.0,0.0]}
{"type":"internal","split":{"type":"continuous","featureIndex":7,"threshold":1.118973334158596}}
{"type":"leaf","values":[1279.0,28.0,1.0,9.0,18.0,0.0,18.0,6.0,8.0,4.0]}
{"type":"leaf","values":[68.0,13.0,5.0,0.0,6.0,0.0,0.0,0.0,4.0,0.0]}
{"type":"internal","split":{"type":"continuous","featureIndex":7,"threshold":0.11218259002513542}}
{"type":"internal","split":{"type":"continuous","featureIndex":1,"threshold":1.3125416683234774}}
{"type":"leaf","values":[12.0,32.0,9.0,7.0,49.0,0.0,21.0,2.0,35.0,8.0]}
{"type":"leaf","values":[356.0,0.0,2.0,3.0,1.0,0.0,6.0,5.0,0.0,0.0]}
{"type":"internal","split":{"type":"continuous","featureIndex":1,"threshold":0.13790860640225538}}
{"type":"leaf","values":[9.0,80.0,2.0,5.0,122.0,0.0,2.0,0.0,68.0,0.0]}
{"type":"leaf","values":[81.0,38.0,9.0,20.0,14.0,0.0,9.0,39.0,5.0,0.0]}
{"type":"internal","split":{"type":"continuous","featureIndex":1,"threshold":-1.0012230389355814}}
{"type":"internal","split":{"type":"continuous","featureIndex":6,"threshold":-1.2978221934594987}}
{"type":"internal","split":{"type":"continuous","featureIndex":3,"threshold":0.0791438564928421}}
{"type":"leaf","values":[0.0,10.0,3.0,86.0,264.0,7.0,909.0,8.0,103.0,2.0]}
{"type":"leaf","values":[2.0,1492.0,69.0,84.0,2992.0,89.0,100.0,437.0,1089.0,100.0]}
{"type":"internal","split":{"type":"continuous","featureIndex":2,"threshold":-0.5768092610594084}}
{"type":"leaf","values":[0.0,26.0,2.0,0.0,728.0,0.0,0.0,4.0,1083.0,50.0]}
{"type":"leaf","values":[0.0,7.0,14.0,62.0,459.0,3.0,6.0,43.0,2157.0,84.0]}
{"type":"internal","split":{"type":"continuous","featureIndex":5,"threshold":1.2388639039120635}}
{"type":"internal","split":{"type":"continuous","featureIndex":3,"threshold":1.4521615110025063}}
{"type":"leaf","values":[212.0,87.0,318.0,4230.0,71.0,145.0,820.0,647.0,226.0,247.0]}
{"type":"leaf","values":[120.0,265.0,3798.0,723.0,329.0,507.0,90.0,4320.0,160.0,1133.0]}
{"type":"internal","split":{"type":"continuous","featureIndex":1,"threshold":1.8325434175748376}}
{"type":"leaf","values":[104.0,1.0,216.0,39.0,64.0,384.0,3132.0,82.0,87.0,607.0]}
{"type":"leaf","values":[5.0,0.0,348.0,45.0,0.0,14.0,56.0,44.0,2.0,264.0]}
