{"type":"internal","split":{"type":"continuous","featureIndex":3,"threshold":0.5561545238139307}}
{"type":"internal","split":{"type":"continuous","featureIndex":6,"threshold":-1.1756581986303352}}
{"type":"internal","split":{"type":"continuous","featureIndex":9,"threshold":0.22010193600634856}}
{"type":"internal","split":{"type":"continuous","featureIndex":2,"threshold":-0.8307505863727153}}
{"type":"internal","split":{"type":"continuous","featureIndex":0,"threshold":5.292906728734371}}
{"type":"leaf","values":[1.0,46.0,31.0,30.0,96.0,57.0,51.0,83.0,4.0,127.0]}
{"type":"leaf","values":[0.0,3.0,2.0,1.0,4.0,205.0,29.0,11.0,0.0,21.0]}
{"type":"internal","split":{"type":"continuous","featureIndex":1,"threshold":0.4507568401591301}}
{"type":"leaf","values":[0.0,22.0,7.0,170.0,23.0,46.0,2571.0,11.0,132.0,22.0]}
{"type":"leaf","values":[51.0,0.0,26.0,478.0,1.0,79.0,383.0,10.0,2.0,24.0]}
{"type":"internal","split":{"type":"continuous","featureIndex":2,"threshold":-0.35912289573303674}}
{"type":"internal","split":{"type":"continuous","featureIndex":0,"threshold":5.703974570569477}}
{"type":"leaf","values":[1.0,62.0,34.0,103.0,303.0,29.0,20.0,20.0,27.0,7.0]}
{"type":"leaf","values":[0.0,10.0,0.0,2.0,20.0,113.0,4.0,0.0,5.0,2.0]}
{"type":"internal","split":{"type":"continuous","featureIndex":4,"threshold":0.9855939094545585}}
{"type":"leaf","values":[1.0,0.0,0.0,5.0,9.0,221.0,10.0,0.0,9.0,1.0]}
{"type":"leaf","values":[35.0,25.0,19.0,2286.0,94.0,48.0,940.0,11.0,135.0,19.0]}
{"type":"internal","split":{"type":"continuous","featureIndex":1,"threshold":-0.7280950238661672}}
{"type":"internal","split":{"type":"continuous","featureIndex":6,"threshold":-0.582773728230679}}
{"type":"internal","split":{"type":"continuous","featureIndex":2,"threshold":-0.8307505863727153}}
{"type":"leaf","values":[0.0,21.0,0.0,0.0,155.0,0.0,0.0,0.0,42.0,9.0]}
{"type":"leaf","values":[0.0,19.0,2.0,59.0,47.0,13.0,10.0,1.0,283.0,8.0]}
{"type":"internal","split":{"type":"continuous","featureIndex":1,"threshold":-1.2678939872317603}}
{"type":"leaf","values":[0.0,14.0,0.0,20.0,55.0,0.0,0.0,1.0,1099.0,6.0]}
{"type":"leaf","values":[0.0,5.0,0.0,39.0,13.0,2.0,0.0,0.0,98.0,9.0]}
{"type":"internal","split":{"type":"continuous","featureIndex":0,"threshold":1.584558612497962}}
{"type":"internal","split":{"type":"continuous","featureIndex":4,"threshold":2.259402058674739}}
{"type":"leaf","values":[29.0,3.0,0.0,6.0,1.0,0.0,0.0,1.0,0.0,78.0]}
{"type":"leaf","values":[51.0,2.0,9.0,54.0,0.0,0.0,29.0,9.0,24.0,20.0]}
{"type":"internal","split":{"type":"continuous","featureIndex":2,"threshold":0.6994882756041374}}
{"type":"leaf","values":[0.0,29.0,5.0,17.0,17.0,36.0,29.0,19.0,12.0,44.0]}
{"type":"leaf","values":[0.0,0.0,0.0,553.0,0.0,14.0,34.0,12.0,11.0,6.0]}
{"type":"internal","split":{"type":"continuous","featureIndex":1,"threshold":-0.7280950238661672}}
{"type":"internal","split":{"type":"continuous","featureIndex":5,"threshold":-1.498591439637853}}
{"type":"internal","split":{"type":"continuous","featureIndex":4,"threshold":3.889928804992133}}
{"type":"internal","split":{"type":"continuous","featureIndex":3,"threshold":1.4521615110025063}}
{"type":"leaf","values":[0.0,45.0,1.0,22.0,24.0,13.0,0.0,6.0,43.0,7.0]}
{"type":"leaf","values":[2.0,1893.0,18.0,18.0,131.0,18.0,0.0,26.0,15.0,15.0]}
{"type":"internal","split":{"type":"continuous","featureIndex":3,"threshold":2.194309364336905}}
{"type":"leaf","values":[0.0,54.0,11.0,37.0,76.0,0.0,0.0,62.0,226.0,3.0]}
{"type":"leaf","values":[0.0,213.0,36.0,13.0,282.0,4.0,0.0,199.0,55.0,4.0]}
{"type":"internal","split":{"type":"continuous","featureIndex":4,"threshold":2.9288309721469172}}
{"type":"internal","split":{"type":"continuous","featureIndex":6,"threshold":-1.6437634016370248}}
{"type":"leaf","values":[3.0,2106.0,15.0,5.0,214.0,133.0,2.0,10.0,37.0,152.0]}
{"type":"leaf","values":[2.0,290.0,10.0,1.0,149.0,60.0,0.0,19.0,173.0,387.0]}
{"type":"internal","split":{"type":"continuous","featureIndex":6,"threshold":-1.2978221934594987}}
{"type":"leaf","values":[2.0,753.0,41.0,48.0,2736.0,151.0,91.0,267.0,979.0,148.0]}
{"type":"leaf","values":[0.0,16.0,20.0,8.0,985.0,9.0,0.0,27.0,2078.0,161.0]}
{"type":"internal","split":{"type":"continuous","featureIndex":0,"threshold":0.2970851750362174}}
{"type":"internal","split":{"type":"continuous","featureIndex":9,"threshold":-0.6410437376492122}}
{"type":"internal","split":{"type":"continuous","featureIndex":6,"threshold":-1.5244816214568837}}
{"type":"leaf","values":[17.0,39.0,1.0,0.0,100.0,0.0,0.0,3.0,23.0,0.0]}
{"type":"leaf","values":[0.0,1.0,0.0,0.0,16.0,0.0,0.0,0.0,52.0,0.0]}
{"type":"internal","split":{"type":"continuous","featureIndex":1,"threshold":0.13790860640225538}}
{"type":"leaf","values":[91.0,121.0,14.0,4.0,82.0,0.0,7.0,0.0,36.0,2.0]}
{"type":"leaf","values":[5792.0,116.0,40.0,25.0,34.0,0.0,64.0,80.0,16.0,34.0]}
{"type":"internal","split":{"type":"continuous","featureIndex":0,"threshold":6.262746897713836}}
{"type":"internal","split":{"type":"continuous","featureIndex":1,"threshold":2.025060706155404}}
{"type":"leaf","values":[483.0,379.0,2450.0,1140.0,337.0,1369.0,1599.0,4085.0,242.0,3348.0]}
{"type":"leaf","values":[185.0,2.0,3136.0,598.0,5.0,70.0,52.0,677.0,0.0,577.0]}
{"type":"internal","split":{"type":"continuous","featureIndex":4,"threshold":3.5164617613153686}}
{"type":"leaf","values":[0.0,0.0,24.0,22.0,5.0,2922.0,16.0,4.0,0.0,83.0]}
{"type":"leaf","values":[0.0,0.0,157.0,90.0,26.0,243.0,40.0,156.0,0.0,162.0]}
