{"type":"internal","split":{"type":"continuous","featureIndex":0,"threshold":0.2970851750362174}}
{"type":"internal","split":{"type":"continuous","featureIndex":2,"threshold":-0.15253176266348262}}
{"type":"internal","split":{"type":"continuous","featureIndex":1,"threshold":-0.2761929510544496}}
{"type":"internal","split":{"type":"continuous","featureIndex":9,"threshold":-0.23940433863922936}}
{"type":"internal","split":{"type":"continuous","featureIndex":1,"threshold":-1.535137485304471}}
{"type":"leaf","values":[0.0,1.0,0.0,0.0,0.0,0.0,0.0,0.0,0.0,0.0]}
{"type":"leaf","values":[0.0,0.0,0.0,0.0,0.0,0.0,0.0,0.0,8.0,0.0]}
{"type":"internal","split":{"type":"continuous","featureIndex":5,"threshold":0.20502884542304076}}
{"type":"leaf","values":[0.0,109.0,6.0,3.0,1.0,0.0,0.0,0.0,5.0,0.0]}
{"type":"leaf","values":[0.0,6.0,0.0,0.0,14.0,0.0,0.0,0.0,8.0,0.0]}
{"type":"internal","split":{"type":"continuous","featureIndex":2,"threshold":-0.35912289573303674}}
{"type":"internal","split":{"type":"continuous","featureIndex":1,"threshold":1.4722354010961909}}
{"type":"leaf","values":[19.0,22.0,37.0,10.0,3.0,0.0,0.0,0.0,6.0,0.0]}
{"type":"leaf","values":[0.0,0.0,0.0,10.0,0.0,0.0,0.0,0.0,0.0,0.0]}
{"type":"internal","split":{"type":"continuous","featureIndex":1,"threshold":0.7317482572101812}}
{"type":"leaf","values":[67.0,10.0,0.0,0.0,0.0,0.0,0.0,3.0,0.0,0.0]}
{"type":"leaf","values":[6.0,10.0,3.0,4.0,0.0,0.0,0.0,1.0,0.0,0.0]}
{"type":"internal","split":{"type":"continuous","featureIndex":1,"threshold":0.13790860640225538}}
{"type":"internal","split":{"type":"continuous","featureIndex":5,"threshold":-0.9551892580124048}}
{"type":"internal","split":{"type":"continuous","featureIndex":2,"threshold":1.441569655212021}}
{"type":"leaf","values":[1.0,203.0,2.0,1.0,7.0,0.0,0.0,0.0,6.0,0.0]}
{"type":"leaf","values":[1.0,47.0,0.0,0.0,18.0,0.0,0.0,0.0,6.0,2.0]}
{"type":"internal","split":{"type":"continuous","featureIndex":3,"threshold":2.4967075316351366}}
{"type":"leaf","values":[52.0,40.0,1.0,2.0,37.0,0.0,12.0,0.0,70.0,3.0]}
{"type":"leaf","values":[7.0,39.0,0.0,0.0,208.0,0.0,0.0,0.0,35.0,0.0]}
{"type":"internal","split":{"type":"continuous","featureIndex":0,"threshold":-0.13798774459897667}}
{"type":"internal","split":{"type":"continuous","featureIndex":7,"threshold":-0.7004738157219982}}
{"type":"leaf","values":[4.0,0.0,1.0,0.0,3.0,0.0,1.0,0.0,0.0,3.0]}
{"type":"leaf","values":[5122.0,59.0,2.0,5.0,42.0,0.0,17.0,12.0,15.0,3.0]}
{"type":"internal","split":{"type":"continuous","featureIndex":9,"threshold":0.12649603089235412}}
{"type":"leaf","values":[51.0,29.0,13.0,7.0,19.0,0.0,5.0,16.0,11.0,47.0]}
{"type":"leaf","values":[704.0,19.0,8.0,22.0,4.0,0.0,56.0,42.0,3.0,12.0]}
{"type":"internal","split":{"type":"continuous","featureIndex":0,"threshold":6.262746897713836}}
{"type":"internal","split":{"type":"continuous","featureIndex":5,"threshold":1.7364382120238928}}
{"type":"internal","split":{"type":"continuous","featureIndex":4,"threshold":3.369412025325758}}
{"type":"internal","split":{"type":"continuous","featureIndex":3,"threshold":1.1875007185085562}}
{"type":"leaf","values":[132.0,440.0,220.0,716.0,427.0,573.0,791.0,137.0,914.0,641.0]}
{"type":"leaf","values":[146.0,3972.0,1466.0,158.0,782.0,939.0,91.0,342.0,340.0,2668.0]}
{"type":"internal","split":{"type":"continuous","featureIndex":3,"threshold":1.319628101879541}}
{"type":"leaf","values":[163.0,133.0,218.0,4028.0,893.0,50.0,1365.0,513.0,2075.0,165.0]}
{"type":"leaf","values":[148.0,1065.0,3512.0,832.0,3264.0,326.0,127.0,4546.0,2028.0,1125.0]}
{"type":"internal","split":{"type":"continuous","featureIndex":1,"threshold":1.8325434175748376}}
{"type":"internal","split":{"type":"continuous","featureIndex":3,"threshold":1.585818200537173}}
{"type":"leaf","values":[15.0,7.0,45.0,20.0,4.0,20.0,2690.0,6.0,105.0,37.0]}
{"type":"leaf","values":[127.0,26.0,141.0,0.0,128.0,142.0,280.0,23.0,135.0,414.0]}
{"type":"internal","split":{"type":"continuous","featureIndex":9,"threshold":-0.23940433863922936}}
{"type":"leaf","values":[0.0,0.0,185.0,1.0,0.0,0.0,21.0,3.0,0.0,73.0]}
{"type":"leaf","values":[7.0,0.0,52.0,34.0,0.0,13.0,42.0,4.0,0.0,89.0]}
{"type":"internal","split":{"type":"continuous","featureIndex":4,"threshold":3.5164617613153686}}
{"type":"internal","split":{"type":"continuous","featureIndex":1,"threshold":-1.535137485304471}}
{"type":"internal","split":{"type":"continuous","featureIndex":8,"threshold":3.4879946492596106}}
{"type":"leaf","values":[0.0,16.0,0.0,0.0,10.0,7.0,16.0,0.0,15.0,0.0]}
{"type":"leaf","values":[0.0,10.0,0.0,0.0,6.0,39.0,0.0,0.0,1.0,1.0]}
{"type":"internal","split":{"type":"continuous","featureIndex":3,"threshold":-0.943709482783192}}
{"type":"leaf","values":[0.0,0.0,0.0,1.0,2.0,41.0,30.0,0.0,6.0,0.0]}
{"type":"leaf","values":[0.0,0.0,25.0,32.0,4.0,3434.0,22.0,8.0,1.0,92.0]}
{"type":"internal","split":{"type":"continuous","featureIndex":7,"threshold":0.11218259002513542}}
{"type":"internal","split":{"type":"continuous","featureIndex":3,"threshold":1.8774838517311507}}
{"type":"leaf","values":[0.0,0.0,13.0,180.0,10.0,48.0,15.0,12.0,25.0,1.0]}
{"type":"leaf","values":[0.0,3.0,135.0,20.0,10.0,219.0,1.0,36.0,2.0,46.0]}
{"type":"internal","split":{"type":"continuous","featureIndex":5,"threshold":-1.2188489874199502}}
{"type":"leaf","values":[0.0,0.0,16.0,20.0,4.0,10.0,10.0,70.0,6.0,13.0]}
{"type":"leaf","values":[0.0,0.0,2.0,21.0,15.0,91.0,277.0,39.0,19.0,119.0]}
