{"type":"internal","split":{"type":"continuous","featureIndex":4,"threshold":2.9288309721469172}}
{"type":"internal","split":{"type":"continuous","featureIndex":4,"threshold":0.9855939094545585}}
{"type":"internal","split":{"type":"continuous","featureIndex":1,"threshold":-1.2678939872317603}}
{"type":"internal","split":{"type":"continuous","featureIndex":8,"threshold":3.4879946492596106}}
{"type":"internal","split":{"type":"continuous","featureIndex":3,"threshold":0.0791438564928421}}
{"type":"leaf","values":[0.0,7.0,0.0,0.0,10.0,12.0,5.0,0.0,0.0,0.0]}
{"type":"leaf","values":[0.0,374.0,0.0,1.0,8.0,18.0,0.0,0.0,0.0,4.0]}
{"type":"internal","split":{"type":"continuous","featureIndex":6,"threshold":-2.314577169594595}}
{"type":"leaf","values":[0.0,8.0,0.0,0.0,1.0,43.0,0.0,0.0,0.0,1.0]}
{"type":"leaf","values":[0.0,36.0,0.0,0.0,0.0,2.0,0.0,0.0,0.0,0.0]}
{"type":"internal","split":{"type":"continuous","featureIndex":4,"threshold":0.24549179932968984}}
{"type":"internal","split":{"type":"continuous","featureIndex":1,"threshold":-0.2761929510544496}}
{"type":"leaf","values":[0.0,34.0,0.0,0.0,1.0,218.0,0.0,0.0,4.0,4.0]}
{"type":"leaf","values":[2.0,1.0,0.0,0.0,0.0,1440.0,2.0,0.0,1.0,8.0]}
{"type":"internal","split":{"type":"continuous","featureIndex":9,"threshold":-0.49315066018296844}}
{"type":"leaf","values":[0.0,19.0,6.0,0.0,1.0,28.0,0.0,0.0,4.0,55.0]}
{"type":"leaf","values":[165.0,14.0,3.0,7.0,19.0,1016.0,17.0,0.0,10.0,50.0]}
{"type":"internal","split":{"type":"continuous","featureIndex":0,"threshold":-0.13798774459897667}}
{"type":"internal","split":{"type":"continuous","featureIndex":9,"threshold":-0.6410437376492122}}
{"type":"internal","split":{"type":"continuous","featureIndex":6,"threshold":-2.9198266584417834}}
{"type":"leaf","values":[4.0,23.0,0.0,0.0,3.0,0.0,0.0,0.0,0.0,0.0]}
{"type":"leaf","values":[5.0,9.0,2.0,0.0,18.0,0.0,0.0,0.0,6.0,0.0]}
{"type":"internal","split":{"type":"continuous","featureIndex":1,"threshold":0.13790860640225538}}
{"type":"leaf","values":[26.0,56.0,2.0,0.0,39.0,0.0,0.0,0.0,7.0,0.0]}
{"type":"leaf","values":[3563.0,48.0,5.0,6.0,10.0,0.0,10.0,1.0,1.0,4.0]}
{"type":"internal","split":{"type":"continuous","featureIndex":5,"threshold":-0.5896881002088135}}
{"type":"internal","split":{"type":"continuous","featureIndex":0,"threshold":5.703974570569477}}
{"type":"leaf","values":[82.0,2247.0,206.0,231.0,302.0,113.0,230.0,120.0,311.0,562.0]}
{"type":"leaf","values":[0.0,11.0,21.0,29.0,23.0,649.0,17.0,4.0,14.0,66.0]}
{"type":"internal","split":{"type":"continuous","featureIndex":0,"threshold":5.703974570569477}}
{"type":"leaf","values":[598.0,1240.0,1120.0,251.0,412.0,312.0,398.0,131.0,379.0,2048.0]}
{"type":"leaf","values":[0.0,16.0,26.0,14.0,12.0,916.0,67.0,1.0,10.0,70.0]}
{"type":"internal","split":{"type":"continuous","featureIndex":1,"threshold":-1.0012230389355814}}
{"type":"internal","split":{"type":"continuous","featureIndex":3,"threshold":2.4967075316351366}}
{"type":"internal","split":{"type":"continuous","featureIndex":3,"threshold":-0.943709482783192}}
{"type":"internal","split":{"type":"continuous","featureIndex":6,"threshold":-1.6437634016370248}}
{"type":"leaf","values":[0.0,0.0,0.0,21.0,60.0,2.0,599.0,0.0,24.0,0.0]}
{"type":"leaf","values":[0.0,0.0,0.0,4.0,37.0,0.0,10.0,0.0,236.0,1.0]}
{"type":"internal","split":{"type":"continuous","featureIndex":5,"threshold":1.7364382120238928}}
{"type":"leaf","values":[3.0,412.0,51.0,232.0,1859.0,29.0,158.0,121.0,3370.0,76.0]}
{"type":"leaf","values":[0.0,8.0,1.0,0.0,31.0,6.0,241.0,1.0,133.0,7.0]}
{"type":"internal","split":{"type":"continuous","featureIndex":6,"threshold":-3.5928584179334857}}
{"type":"internal","split":{"type":"continuous","featureIndex":6,"threshold":-4.041821031623208}}
{"type":"leaf","values":[0.0,724.0,5.0,9.0,57.0,8.0,0.0,30.0,3.0,0.0]}
{"type":"leaf","values":[1.0,179.0,1.0,3.0,120.0,4.0,0.0,23.0,8.0,2.0]}
{"type":"internal","split":{"type":"continuous","featureIndex":1,"threshold":-1.8253701340105288}}
{"type":"leaf","values":[0.0,174.0,6.0,1.0,1927.0,0.0,0.0,64.0,573.0,26.0]}
{"type":"leaf","values":[1.0,72.0,42.0,0.0,506.0,33.0,0.0,160.0,132.0,115.0]}
{"type":"internal","split":{"type":"continuous","featureIndex":3,"threshold":1.4521615110025063}}
{"type":"internal","split":{"type":"continuous","featureIndex":5,"threshold":0.6884394773216727}}
{"type":"internal","split":{"type":"continuous","featureIndex":3,"threshold":0.5561545238139307}}
{"type":"leaf","values":[49.0,10.0,50.0,3289.0,55.0,42.0,533.0,146.0,63.0,80.0]}
{"type":"leaf","values":[928.0,98.0,212.0,1104.0,30.0,67.0,46.0,450.0,137.0,95.0]}
{"type":"internal","split":{"type":"continuous","featureIndex":1,"threshold":2.025060706155404}}
{"type":"leaf","values":[12.0,2.0,47.0,97.0,15.0,57.0,2971.0,49.0,52.0,86.0]}
{"type":"leaf","values":[5.0,0.0,51.0,100.0,0.0,0.0,19.0,19.0,0.0,52.0]}
{"type":"internal","split":{"type":"continuous","featureIndex":7,"threshold":0.0064960590107934766}}
{"type":"internal","split":{"type":"continuous","featureIndex":0,"threshold":0.6753325153166889}}
{"type":"leaf","values":[368.0,35.0,27.0,0.0,62.0,0.0,27.0,12.0,38.0,8.0]}
{"type":"leaf","values":[66.0,68.0,3711.0,357.0,118.0,672.0,378.0,629.0,47.0,605.0]}
{"type":"internal","split":{"type":"continuous","featureIndex":4,"threshold":4.740659097956721}}
{"type":"leaf","values":[790.0,288.0,292.0,144.0,338.0,181.0,109.0,1360.0,169.0,1136.0]}
{"type":"leaf","values":[56.0,59.0,214.0,263.0,50.0,16.0,83.0,2490.0,53.0,266.0]}
