{"type":"internal","split":{"type":"continuous","featureIndex":0,"threshold":0.2970851750362174}}
{"type":"internal","split":{"type":"continuous","featureIndex":1,"threshold":0.13790860640225538}}
{"type":"internal","split":{"type":"continuous","featureIndex":5,"threshold":-0.7104303666866539}}
{"type":"internal","split":{"type":"continuous","featureIndex":9,"threshold":-1.7151812734601863}}
{"type":"internal","split":{"type":"continuous","featureIndex":3,"threshold":2.4967075316351366}}
{"type":"leaf","values":[0.0,0.0,0.0,0.0,1.0,0.0,0.0,0.0,7.0,0.0]}
{"type":"leaf","values":[0.0,5.0,0.0,0.0,18.0,0.0,0.0,0.0,2.0,0.0]}
{"type":"internal","split":{"type":"continuous","featureIndex":2,"threshold":-1.2718983923786604}}
{"type":"leaf","values":[0.0,0.0,8.0,0.0,0.0,0.0,0.0,0.0,0.0,0.0]}
{"type":"leaf","values":[3.0,342.0,1.0,3.0,29.0,0.0,0.0,0.0,15.0,5.0]}
{"type":"internal","split":{"type":"continuous","featureIndex":3,"threshold":2.4967075316351366}}
{"type":"internal","split":{"type":"continuous","featureIndex":5,"threshold":0.3623542641647797}}
{"type":"leaf","values":[2.0,75.0,7.0,9.0,17.0,0.0,0.0,0.0,40.0,3.0]}
{"type":"leaf","values":[72.0,3.0,0.0,0.0,33.0,0.0,9.0,0.0,22.0,0.0]}
{"type":"internal","split":{"type":"continuous","featureIndex":6,"threshold":-3.5928584179334857}}
{"type":"leaf","values":[4.0,30.0,0.0,0.0,23.0,0.0,0.0,0.0,0.0,0.0]}
{"type":"leaf","values":[0.0,8.0,4.0,0.0,209.0,0.0,0.0,0.0,36.0,0.0]}
{"type":"internal","split":{"type":"continuous","featureIndex":9,"threshold":-0.6410437376492122}}
{"type":"internal","split":{"type":"continuous","featureIndex":1,"threshold":1.156273275646571}}
{"type":"internal","split":{"type":"continuous","featureIndex":3,"threshold":2.4967075316351366}}
{"type":"leaf","values":[1.0,8.0,0.0,0.0,5.0,0.0,0.0,1.0,17.0,0.0]}
{"type":"leaf","values":[3.0,4.0,0.0,0.0,31.0,0.0,0.0,0.0,4.0,0.0]}
{"type":"internal","split":{"type":"continuous","featureIndex":1,"threshold":1.3125416683234774}}
{"type":"leaf","values":[2.0,5.0,0.0,0.0,0.0,0.0,0.0,0.0,0.0,0.0]}
{"type":"leaf","values":[11.0,0.0,0.0,0.0,4.0,0.0,0.0,1.0,3.0,0.0]}
{"type":"internal","split":{"type":"continuous","featureIndex":0,"threshold":-0.13798774459897667}}
{"type":"internal","split":{"type":"continuous","featureIndex":0,"threshold":-0.5098952536814143}}
{"type":"leaf","values":[3589.0,21.0,1.0,5.0,11.0,0.0,2.0,0.0,7.0,0.0]}
{"type":"leaf","values":[1527.0,40.0,9.0,5.0,7.0,0.0,20.0,13.0,3.0,3.0]}
{"type":"internal","split":{"type":"continuous","featureIndex":3,"threshold":0.3223557238272031}}
{"type":"leaf","values":[6.0,0.0,2.0,29.0,0.0,0.0,8.0,0.0,0.0,12.0]}
{"type":"leaf","values":[827.0,50.0,44.0,20.0,19.0,0.0,39.0,77.0,8.0,31.0]}
{"type":"internal","split":{"type":"continuous","featureIndex":1,"threshold":-1.0012230389355814}}
{"type":"internal","split":{"type":"continuous","featureIndex":6,"threshold":-2.1039464929249583}}
{"type":"internal","split":{"type":"continuous","featureIndex":7,"threshold":-0.19386794009814642}}
{"type":"internal","split":{"type":"continuous","featureIndex":3,"threshold":0.7388548642582189}}
{"type":"leaf","values":[0.0,69.0,8.0,80.0,155.0,18.0,232.0,3.0,27.0,2.0]}
{"type":"leaf","values":[3.0,3273.0,21.0,33.0,332.0,91.0,9.0,14.0,65.0,26.0]}
{"type":"internal","split":{"type":"continuous","featureIndex":5,"threshold":1.0499073404613388}}
{"type":"leaf","values":[0.0,993.0,34.0,42.0,1335.0,98.0,416.0,299.0,248.0,62.0]}
{"type":"leaf","values":[0.0,15.0,0.0,4.0,119.0,4.0,491.0,9.0,69.0,16.0]}
{"type":"internal","split":{"type":"continuous","featureIndex":7,"threshold":-1.5650275123131003}}
{"type":"internal","split":{"type":"continuous","featureIndex":4,"threshold":2.6140725887844907}}
{"type":"leaf","values":[0.0,360.0,0.0,0.0,9.0,22.0,0.0,0.0,34.0,2.0]}
{"type":"leaf","values":[0.0,45.0,0.0,6.0,84.0,6.0,4.0,0.0,471.0,7.0]}
{"type":"internal","split":{"type":"continuous","featureIndex":4,"threshold":2.432639289883263}}
{"type":"leaf","values":[2.0,267.0,3.0,32.0,127.0,31.0,28.0,12.0,252.0,267.0]}
{"type":"leaf","values":[0.0,102.0,44.0,108.0,2807.0,16.0,87.0,159.0,4074.0,278.0]}
{"type":"internal","split":{"type":"continuous","featureIndex":2,"threshold":-0.35912289573303674}}
{"type":"internal","split":{"type":"continuous","featureIndex":0,"threshold":6.262746897713836}}
{"type":"internal","split":{"type":"continuous","featureIndex":7,"threshold":-0.09524471151776161}}
{"type":"leaf","values":[16.0,96.0,3066.0,179.0,155.0,67.0,13.0,358.0,96.0,287.0]}
{"type":"leaf","values":[93.0,40.0,721.0,370.0,121.0,470.0,180.0,1357.0,33.0,1485.0]}
{"type":"internal","split":{"type":"continuous","featureIndex":9,"threshold":-0.9595004945106854}}
{"type":"leaf","values":[0.0,0.0,61.0,3.0,9.0,75.0,15.0,68.0,0.0,149.0]}
{"type":"leaf","values":[0.0,0.0,30.0,3.0,5.0,851.0,11.0,43.0,0.0,67.0]}
{"type":"internal","split":{"type":"continuous","featureIndex":3,"threshold":1.4521615110025063}}
{"type":"internal","split":{"type":"continuous","featureIndex":7,"threshold":0.6807091150571197}}
{"type":"leaf","values":[252.0,78.0,156.0,4119.0,25.0,323.0,2199.0,99.0,172.0,394.0]}
{"type":"leaf","values":[36.0,24.0,1.0,309.0,12.0,362.0,1657.0,70.0,42.0,24.0]}
{"type":"internal","split":{"type":"continuous","featureIndex":7,"threshold":-0.4255173082207488}}
{"type":"leaf","values":[104.0,42.0,1658.0,236.0,43.0,1349.0,332.0,275.0,39.0,1080.0]}
{"type":"leaf","values":[196.0,289.0,261.0,370.0,239.0,2037.0,271.0,2978.0,155.0,1322.0]}
