{"type":"internal","split":{"type":"continuous","featureIndex":0,"threshold":0.2970851750362174}}
{"type":"internal","split":{"type":"continuous","featureIndex":1,"threshold":0.13790860640225538}}
{"type":"internal","split":{"type":"continuous","featureIndex":5,"threshold":-0.06568995274241662}}
{"type":"internal","split":{"type":"continuous","featureIndex":2,"threshold":1.146858416707751}}
{"type":"internal","split":{"type":"continuous","featureIndex":6,"threshold":-2.314577169594595}}
{"type":"leaf","values":[0.0,350.0,22.0,15.0,17.0,0.0,0.0,0.0,5.0,0.0]}
{"type":"leaf","values":[4.0,8.0,4.0,3.0,7.0,0.0,0.0,0.0,22.0,1.0]}
{"type":"internal","split":{"type":"continuous","featureIndex":7,"threshold":-0.7004738157219982}}
{"type":"leaf","values":[0.0,3.0,0.0,0.0,23.0,0.0,0.0,0.0,0.0,3.0]}
{"type":"leaf","values":[0.0,87.0,0.0,0.0,61.0,0.0,0.0,0.0,49.0,3.0]}
{"type":"internal","split":{"type":"continuous","featureIndex":8,"threshold":0.7692287523917127}}
{"type":"internal","split":{"type":"continuous","featureIndex":9,"threshold":0.40415134885642323}}
{"type":"leaf","values":[1.0,1.0,0.0,1.0,5.0,0.0,2.0,0.0,1.0,0.0]}
{"type":"leaf","values":[56.0,0.0,0.0,0.0,1.0,0.0,0.0,0.0,2.0,0.0]}
{"type":"internal","split":{"type":"continuous","featureIndex":9,"threshold":1.2925788599018944}}
{"type":"leaf","values":[13.0,14.0,0.0,0.0,205.0,0.0,8.0,0.0,63.0,0.0]}
{"type":"leaf","values":[19.0,15.0,3.0,0.0,7.0,0.0,0.0,0.0,7.0,0.0]}
{"type":"internal","split":{"type":"continuous","featureIndex":3,"threshold":0.0791438564928421}}
{"type":"internal","split":{"type":"continuous","featureIndex":0,"threshold":-0.13798774459897667}}
{"type":"internal","split":{"type":"continuous","featureIndex":5,"threshold":-0.45312449744241934}}
{"type":"leaf","values":[4.0,0.0,0.0,0.0,0.0,0.0,0.0,0.0,0.0,1.0]}
{"type":"leaf","values":[0.0,0.0,0.0,2.0,0.0,0.0,0.0,0.0,0.0,0.0]}
{"type":"internal","split":{"type":"continuous","featureIndex":6,"threshold":-2.314577169594595}}
{"type":"leaf","values":[0.0,0.0,0.0,26.0,0.0,0.0,1.0,0.0,0.0,0.0]}
{"type":"leaf","values":[0.0,0.0,3.0,10.0,0.0,0.0,0.0,0.0,0.0,1.0]}
{"type":"internal","split":{"type":"continuous","featureIndex":9,"threshold":-0.6410437376492122}}
{"type":"internal","split":{"type":"continuous","featureIndex":6,"threshold":-1.2978221934594987}}
{"type":"leaf","values":[16.0,18.0,0.0,0.0,36.0,0.0,0.0,3.0,5.0,0.0]}
{"type":"leaf","values":[1.0,0.0,0.0,0.0,5.0,0.0,0.0,0.0,21.0,0.0]}
{"type":"internal","split":{"type":"continuous","featureIndex":9,"threshold":-0.49315066018296844}}
{"type":"leaf","values":[42.0,9.0,0.0,5.0,9.0,0.0,0.0,0.0,0.0,7.0]}
{"type":"leaf","values":[5830.0,119.0,51.0,25.0,23.0,0.0,54.0,73.0,17.0,24.0]}
{"type":"internal","split":{"type":"continuous","featureIndex":4,"threshold":1.3603776231309532}}
{"type":"internal","split":{"type":"continuous","featureIndex":1,"threshold":-1.2678939872317603}}
{"type":"internal","split":{"type":"continuous","featureIndex":7,"threshold":-0.19386794009814642}}
{"type":"internal","split":{"type":"continuous","featureIndex":3,"threshold":-0.943709482783192}}
{"type":"leaf","values":[0.0,1.0,0.0,0.0,1.0,2.0,3.0,0.0,6.0,0.0]}
{"type":"leaf","values":[0.0,705.0,0.0,3.0,11.0,28.0,0.0,0.0,0.0,3.0]}
{"type":"internal","split":{"type":"continuous","featureIndex":6,"threshold":-3.2281701017018047}}
{"type":"leaf","values":[0.0,1.0,0.0,0.0,1.0,22.0,0.0,0.0,0.0,0.0]}
{"type":"leaf","values":[0.0,34.0,0.0,0.0,9.0,10.0,1.0,2.0,8.0,29.0]}
{"type":"internal","split":{"type":"continuous","featureIndex":7,"threshold":0.29194802352856875}}
{"type":"internal","split":{"type":"continuous","featureIndex":9,"threshold":-0.3553000908972961}}
{"type":"leaf","values":[0.0,49.0,35.0,3.0,3.0,41.0,1.0,2.0,10.0,119.0]}
{"type":"leaf","values":[0.0,48.0,15.0,13.0,6.0,936.0,36.0,0.0,8.0,97.0]}
{"type":"internal","split":{"type":"continuous","featureIndex":0,"threshold":3.2941956562387236}}
{"type":"leaf","values":[1.0,3.0,0.0,2.0,1.0,2.0,4.0,0.0,0.0,34.0]}
{"type":"leaf","values":[0.0,0.0,0.0,1.0,6.0,2280.0,8.0,0.0,6.0,21.0]}
{"type":"internal","split":{"type":"continuous","featureIndex":5,"threshold":1.7364382120238928}}
{"type":"internal","split":{"type":"continuous","featureIndex":1,"threshold":-1.0012230389355814}}
{"type":"internal","split":{"type":"continuous","featureIndex":7,"threshold":-0.5656340894494372}}
{"type":"leaf","values":[2.0,2830.0,24.0,135.0,850.0,100.0,101.0,11.0,1536.0,57.0]}
{"type":"leaf","values":[0.0,1549.0,80.0,182.0,3950.0,57.0,664.0,407.0,3406.0,479.0]}
{"type":"internal","split":{"type":"continuous","featureIndex":7,"threshold":0.29194802352856875}}
{"type":"leaf","values":[379.0,240.0,5168.0,4332.0,327.0,1258.0,708.0,1388.0,284.0,1901.0]}
{"type":"leaf","values":[185.0,254.0,441.0,1174.0,291.0,979.0,1050.0,3963.0,215.0,1993.0]}
{"type":"internal","split":{"type":"continuous","featureIndex":1,"threshold":1.8325434175748376}}
{"type":"internal","split":{"type":"continuous","featureIndex":3,"threshold":2.0376717931612047}}
{"type":"leaf","values":[54.0,11.0,73.0,19.0,15.0,56.0,3006.0,8.0,159.0,61.0]}
{"type":"leaf","values":[76.0,18.0,159.0,0.0,154.0,193.0,121.0,14.0,91.0,404.0]}
{"type":"internal","split":{"type":"continuous","featureIndex":8,"threshold":0.8840520696119647}}
{"type":"leaf","values":[0.0,0.0,18.0,0.0,0.0,2.0,0.0,0.0,0.0,110.0]}
{"type":"leaf","values":[4.0,0.0,218.0,19.0,0.0,25.0,53.0,10.0,0.0,63.0]}
