{"type":"internal","split":{"type":"continuous","featureIndex":1,"threshold":-1.0012230389355814}}
{"type":"internal","split":{"type":"continuous","featureIndex":6,"threshold":-2.1039464929249583}}
{"type":"internal","split":{"type":"continuous","featureIndex":3,"threshold":0.3223557238272031}}
{"type":"internal","split":{"type":"continuous","featureIndex":9,"threshold":0.6810614245785962}}
{"type":"internal","split":{"type":"continuous","featureIndex":2,"threshold":-0.5768092610594084}}
{"type":"leaf","values":[0.0,18.0,1.0,0.0,52.0,4.0,8.0,3.0,1.0,0.0]}
{"type":"leaf","values":[0.0,1.0,0.0,27.0,20.0,6.0,991.0,1.0,33.0,0.0]}
{"type":"internal","split":{"type":"continuous","featureIndex":2,"threshold":0.38869393348596903}}
{"type":"leaf","values":[0.0,15.0,3.0,4.0,129.0,10.0,9.0,1.0,3.0,0.0]}
{"type":"leaf","values":[0.0,4.0,5.0,74.0,14.0,55.0,39.0,0.0,9.0,1.0]}
{"type":"internal","split":{"type":"continuous","featureIndex":6,"threshold":-3.0649558692116643}}
{"type":"internal","split":{"type":"continuous","featureIndex":7,"threshold":0.29194802352856875}}
{"type":"leaf","values":[1.0,2815.0,11.0,34.0,179.0,68.0,21.0,34.0,9.0,3.0]}
{"type":"leaf","values":[0.0,403.0,11.0,16.0,302.0,18.0,18.0,101.0,21.0,11.0]}
{"type":"internal","split":{"type":"continuous","featureIndex":7,"threshold":-0.3132846909247483}}
{"type":"leaf","values":[0.0,910.0,16.0,23.0,179.0,65.0,10.0,0.0,52.0,15.0]}
{"type":"leaf","values":[0.0,378.0,32.0,9.0,1097.0,28.0,17.0,145.0,229.0,77.0]}
{"type":"internal","split":{"type":"continuous","featureIndex":6,"threshold":-0.7482238073694689}}
{"type":"internal","split":{"type":"continuous","featureIndex":4,"threshold":2.259402058674739}}
{"type":"internal","split":{"type":"continuous","featureIndex":7,"threshold":-0.5656340894494372}}
{"type":"leaf","values":[2.0,442.0,0.0,8.0,21.0,35.0,8.0,0.0,11.0,10.0]}
{"type":"leaf","values":[1.0,77.0,2.0,15.0,65.0,13.0,6.0,6.0,62.0,149.0]}
{"type":"internal","split":{"type":"continuous","featureIndex":9,"threshold":0.6810614245785962}}
{"type":"leaf","values":[1.0,84.0,7.0,26.0,933.0,16.0,93.0,71.0,1413.0,68.0]}
{"type":"leaf","values":[0.0,90.0,29.0,59.0,1554.0,3.0,6.0,81.0,468.0,150.0]}
{"type":"internal","split":{"type":"continuous","featureIndex":4,"threshold":2.259402058674739}}
{"type":"internal","split":{"type":"continuous","featureIndex":7,"threshold":-0.5656340894494372}}
{"type":"leaf","values":[0.0,65.0,0.0,0.0,7.0,3.0,0.0,0.0,36.0,0.0]}
{"type":"leaf","values":[0.0,7.0,0.0,7.0,13.0,0.0,0.0,0.0,69.0,56.0]}
{"type":"internal","split":{"type":"continuous","featureIndex":5,"threshold":0.20502884542304076}}
{"type":"leaf","values":[0.0,15.0,11.0,50.0,251.0,0.0,2.0,17.0,2021.0,52.0]}
{"type":"leaf","values":[0.0,12.0,2.0,7.0,234.0,0.0,0.0,0.0,502.0,63.0]}
{"type":"internal","split":{"type":"continuous","featureIndex":3,"threshold":0.5561545238139307}}
{"type":"internal","split":{"type":"continuous","featureIndex":9,"threshold":0.314491977903867}}
{"type":"internal","split":{"type":"continuous","featureIndex":7,"threshold":-0.09524471151776161}}
{"type":"internal","split":{"type":"continuous","featureIndex":4,"threshold":3.070641523023949}}
{"type":"leaf","values":[4.0,32.0,36.0,67.0,28.0,43.0,80.0,4.0,30.0,137.0]}
{"type":"leaf","values":[2.0,2.0,28.0,736.0,13.0,10.0,236.0,40.0,33.0,15.0]}
{"type":"internal","split":{"type":"continuous","featureIndex":4,"threshold":2.9288309721469172}}
{"type":"leaf","values":[75.0,18.0,13.0,29.0,1.0,290.0,163.0,6.0,11.0,93.0]}
{"type":"leaf","values":[3.0,1.0,4.0,124.0,10.0,44.0,1731.0,86.0,30.0,66.0]}
{"type":"internal","split":{"type":"continuous","featureIndex":0,"threshold":6.262746897713836}}
{"type":"internal","split":{"type":"continuous","featureIndex":1,"threshold":1.0120402876736718}}
{"type":"leaf","values":[27.0,24.0,27.0,1248.0,58.0,86.0,583.0,27.0,32.0,33.0]}
{"type":"leaf","values":[97.0,2.0,16.0,1345.0,0.0,52.0,68.0,3.0,0.0,5.0]}
{"type":"internal","split":{"type":"continuous","featureIndex":4,"threshold":2.259402058674739}}
{"type":"leaf","values":[0.0,0.0,0.0,0.0,5.0,218.0,2.0,0.0,1.0,0.0]}
{"type":"leaf","values":[0.0,0.0,0.0,97.0,0.0,4.0,55.0,0.0,0.0,0.0]}
{"type":"internal","split":{"type":"continuous","featureIndex":0,"threshold":0.2970851750362174}}
{"type":"internal","split":{"type":"continuous","featureIndex":3,"threshold":2.3402425469668793}}
{"type":"internal","split":{"type":"continuous","featureIndex":9,"threshold":-0.6410437376492122}}
{"type":"leaf","values":[17.0,42.0,0.0,1.0,10.0,0.0,0.0,6.0,39.0,0.0]}
{"type":"leaf","values":[5350.0,180.0,41.0,23.0,42.0,0.0,62.0,41.0,40.0,13.0]}
{"type":"internal","split":{"type":"continuous","featureIndex":6,"threshold":-3.5928584179334857}}
{"type":"leaf","values":[363.0,81.0,13.0,2.0,21.0,0.0,0.0,5.0,0.0,0.0]}
{"type":"leaf","values":[114.0,77.0,25.0,0.0,218.0,0.0,0.0,20.0,54.0,13.0]}
{"type":"internal","split":{"type":"continuous","featureIndex":0,"threshold":6.262746897713836}}
{"type":"internal","split":{"type":"continuous","featureIndex":2,"threshold":-0.5768092610594084}}
{"type":"leaf","values":[82.0,61.0,3595.0,309.0,206.0,323.0,7.0,1392.0,61.0,1429.0]}
{"type":"leaf","values":[625.0,459.0,2053.0,1483.0,299.0,1284.0,1601.0,3561.0,371.0,2636.0]}
{"type":"internal","split":{"type":"continuous","featureIndex":2,"threshold":-1.2718983923786604}}
{"type":"leaf","values":[0.0,0.0,52.0,0.0,11.0,289.0,0.0,51.0,0.0,144.0]}
{"type":"leaf","values":[0.0,0.0,91.0,126.0,7.0,2999.0,62.0,105.0,1.0,115.0]}
