{"type":"internal","split":{"type":"continuous","featureIndex":3,"threshold":0.5561545238139307}}
{"type":"internal","split":{"type":"continuous","featureIndex":5,"threshold":0.6884394773216727}}
{"type":"internal","split":{"type":"continuous","featureIndex":2,"threshold":0.04728784081112432}}
{"type":"internal","split":{"type":"continuous","featureIndex":6,"threshold":-0.7482238073694689}}
{"type":"internal","split":{"type":"continuous","featureIndex":3,"threshold":-1.5276810603020605}}
{"type":"leaf","values":[0.0,0.0,0.0,7.0,34.0,28.0,256.0,2.0,42.0,2.0]}
{"type":"leaf","values":[4.0,149.0,65.0,341.0,567.0,466.0,90.0,103.0,157.0,130.0]}
{"type":"internal","split":{"type":"continuous","featureIndex":6,"threshold":-0.11262684870457337}}
{"type":"leaf","values":[0.0,35.0,6.0,4.0,82.0,4.0,1.0,7.0,254.0,24.0]}
{"type":"leaf","values":[0.0,3.0,0.0,0.0,22.0,0.0,0.0,4.0,633.0,3.0]}
{"type":"internal","split":{"type":"continuous","featureIndex":7,"threshold":0.6807091150571197}}
{"type":"internal","split":{"type":"continuous","featureIndex":6,"threshold":-1.2978221934594987}}
{"type":"leaf","values":[39.0,9.0,35.0,2346.0,54.0,168.0,517.0,10.0,109.0,46.0]}
{"type":"leaf","values":[136.0,5.0,0.0,776.0,15.0,16.0,26.0,19.0,447.0,130.0]}
{"type":"internal","split":{"type":"continuous","featureIndex":3,"threshold":-0.943709482783192}}
{"type":"leaf","values":[0.0,0.0,0.0,21.0,5.0,10.0,363.0,0.0,21.0,0.0]}
{"type":"leaf","values":[23.0,11.0,3.0,169.0,18.0,97.0,112.0,16.0,159.0,8.0]}
{"type":"internal","split":{"type":"continuous","featureIndex":6,"threshold":-0.9032987513035801}}
{"type":"internal","split":{"type":"continuous","featureIndex":5,"threshold":1.2388639039120635}}
{"type":"internal","split":{"type":"continuous","featureIndex":9,"threshold":0.12649603089235412}}
{"type":"leaf","values":[1.0,1.0,22.0,11.0,0.0,11.0,296.0,11.0,7.0,28.0]}
{"type":"leaf","values":[7.0,11.0,0.0,78.0,1.0,4.0,71.0,3.0,23.0,6.0]}
{"type":"internal","split":{"type":"continuous","featureIndex":6,"threshold":-4.806108441433747}}
{"type":"leaf","values":[1.0,0.0,14.0,10.0,0.0,0.0,11.0,0.0,0.0,2.0]}
{"type":"leaf","values":[3.0,1.0,20.0,84.0,0.0,10.0,2362.0,3.0,25.0,13.0]}
{"type":"internal","split":{"type":"continuous","featureIndex":1,"threshold":-1.2678939872317603}}
{"type":"internal","split":{"type":"continuous","featureIndex":7,"threshold":-0.9966158739168519}}
{"type":"leaf","values":[0.0,2.0,0.0,0.0,2.0,0.0,4.0,0.0,2.0,0.0]}
{"type":"leaf","values":[0.0,1.0,0.0,4.0,6.0,0.0,0.0,0.0,67.0,0.0]}
{"type":"internal","split":{"type":"continuous","featureIndex":7,"threshold":1.118973334158596}}
{"type":"leaf","values":[0.0,10.0,0.0,24.0,0.0,1.0,7.0,0.0,13.0,6.0]}
{"type":"leaf","values":[0.0,0.0,0.0,0.0,0.0,1.0,8.0,0.0,0.0,1.0]}
{"type":"internal","split":{"type":"continuous","featureIndex":0,"threshold":0.2970851750362174}}
{"type":"internal","split":{"type":"continuous","featureIndex":1,"threshold":0.13790860640225538}}
{"type":"internal","split":{"type":"continuous","featureIndex":6,"threshold":-2.7912588801887166}}
{"type":"internal","split":{"type":"continuous","featureIndex":3,"threshold":2.990373934616133}}
{"type":"leaf","values":[45.0,327.0,10.0,5.0,20.0,0.0,4.0,0.0,2.0,0.0]}
{"type":"leaf","values":[2.0,87.0,2.0,0.0,103.0,0.0,0.0,0.0,2.0,0.0]}
{"type":"internal","split":{"type":"continuous","featureIndex":5,"threshold":-1.847158207574911}}
{"type":"leaf","values":[0.0,28.0,0.0,0.0,0.0,0.0,0.0,0.0,0.0,0.0]}
{"type":"leaf","values":[45.0,49.0,1.0,0.0,204.0,0.0,2.0,0.0,132.0,1.0]}
{"type":"internal","split":{"type":"continuous","featureIndex":3,"threshold":2.3402425469668793}}
{"type":"internal","split":{"type":"continuous","featureIndex":0,"threshold":-0.13798774459897667}}
{"type":"leaf","values":[4547.0,47.0,8.0,4.0,8.0,0.0,20.0,4.0,12.0,1.0]}
{"type":"leaf","values":[731.0,17.0,20.0,11.0,8.0,0.0,40.0,48.0,9.0,10.0]}
{"type":"internal","split":{"type":"continuous","featureIndex":9,"threshold":-0.6410437376492122}}
{"type":"leaf","values":[3.0,3.0,0.0,0.0,40.0,0.0,0.0,0.0,7.0,0.0]}
{"type":"leaf","values":[504.0,54.0,35.0,0.0,22.0,0.0,4.0,31.0,5.0,9.0]}
{"type":"internal","split":{"type":"continuous","featureIndex":1,"threshold":-1.0012230389355814}}
{"type":"internal","split":{"type":"continuous","featureIndex":5,"threshold":-1.498591439637853}}
{"type":"internal","split":{"type":"continuous","featureIndex":6,"threshold":-2.7912588801887166}}
{"type":"leaf","values":[0.0,1754.0,27.0,27.0,109.0,7.0,0.0,79.0,6.0,0.0]}
{"type":"leaf","values":[0.0,212.0,25.0,41.0,397.0,14.0,0.0,137.0,335.0,18.0]}
{"type":"internal","split":{"type":"continuous","featureIndex":4,"threshold":2.9288309721469172}}
{"type":"leaf","values":[5.0,2234.0,8.0,8.0,300.0,110.0,5.0,20.0,207.0,339.0]}
{"type":"leaf","values":[3.0,709.0,41.0,31.0,3448.0,70.0,32.0,222.0,2757.0,227.0]}
{"type":"internal","split":{"type":"continuous","featureIndex":1,"threshold":2.025060706155404}}
{"type":"internal","split":{"type":"continuous","featureIndex":0,"threshold":5.703974570569477}}
{"type":"leaf","values":[495.0,477.0,2502.0,1131.0,485.0,1085.0,1597.0,4176.0,438.0,3416.0]}
{"type":"leaf","values":[0.0,0.0,63.0,182.0,16.0,3406.0,83.0,221.0,3.0,300.0]}
{"type":"internal","split":{"type":"continuous","featureIndex":5,"threshold":-1.6742027194334501}}
{"type":"leaf","values":[122.0,2.0,262.0,495.0,0.0,228.0,0.0,167.0,0.0,38.0]}
{"type":"leaf","values":[30.0,0.0,2963.0,201.0,9.0,157.0,45.0,552.0,0.0,645.0]}
