{"type":"internal","split":{"type":"continuous","featureIndex":0,"threshold":0.2970851750362174}}
{"type":"internal","split":{"type":"continuous","featureIndex":1,"threshold":0.13790860640225538}}
{"type":"internal","split":{"type":"continuous","featureIndex":3,"threshold":2.990373934616133}}
{"type":"internal","split":{"type":"continuous","featureIndex":6,"threshold":-2.421608127325174}}
{"type":"internal","split":{"type":"continuous","featureIndex":1,"threshold":-0.05942078764109504}}
{"type":"leaf","values":[8.0,328.0,18.0,4.0,29.0,0.0,1.0,3.0,5.0,0.0]}
{"type":"leaf","values":[39.0,33.0,2.0,5.0,1.0,0.0,2.0,0.0,4.0,0.0]}
{"type":"internal","split":{"type":"continuous","featureIndex":1,"threshold":-0.05942078764109504}}
{"type":"leaf","values":[6.0,37.0,5.0,0.0,89.0,0.0,7.0,0.0,92.0,5.0]}
{"type":"leaf","values":[28.0,7.0,3.0,1.0,5.0,0.0,1.0,0.0,12.0,6.0]}
{"type":"internal","split":{"type":"continuous","featureIndex":8,"threshold":2.2757470761671716}}
{"type":"internal","split":{"type":"continuous","featureIndex":5,"threshold":-0.7104303666866539}}
{"type":"leaf","values":[0.0,53.0,0.0,0.0,10.0,0.0,0.0,0.0,0.0,0.0]}
{"type":"leaf","values":[4.0,10.0,1.0,0.0,44.0,0.0,0.0,0.0,11.0,0.0]}
{"type":"internal","split":{"type":"continuous","featureIndex":6,"threshold":-3.8028241322398393}}
{"type":"leaf","values":[2.0,16.0,1.0,0.0,10.0,0.0,0.0,0.0,0.0,0.0]}
{"type":"leaf","values":[0.0,13.0,0.0,0.0,97.0,0.0,0.0,0.0,3.0,0.0]}
{"type":"internal","split":{"type":"continuous","featureIndex":9,"threshold":-0.6410437376492122}}
{"type":"internal","split":{"type":"continuous","featureIndex":8,"threshold":1.1099093703945702}}
{"type":"leaf","values":[0.0,9.0,0.0,0.0,0.0,0.0,0.0,0.0,0.0,0.0]}
{"type":"internal","split":{"type":"continuous","featureIndex":3,"threshold":2.0376717931612047}}
{"type":"leaf","values":[15.0,6.0,0.0,0.0,0.0,0.0,0.0,3.0,21.0,1.0]}
{"type":"leaf","values":[8.0,6.0,1.0,0.0,35.0,0.0,0.0,0.0,15.0,1.0]}
{"type":"internal","split":{"type":"continuous","featureIndex":3,"threshold":0.3223557238272031}}
{"type":"internal","split":{"type":"continuous","featureIndex":4,"threshold":2.259402058674739}}
{"type":"leaf","values":[12.0,0.0,0.0,5.0,0.0,0.0,0.0,0.0,0.0,18.0]}
{"type":"leaf","values":[15.0,0.0,2.0,42.0,0.0,0.0,10.0,0.0,0.0,6.0]}
{"type":"internal","split":{"type":"continuous","featureIndex":2,"threshold":-0.35912289573303674}}
{"type":"leaf","values":[14.0,7.0,23.0,15.0,0.0,0.0,0.0,3.0,1.0,0.0]}
{"type":"leaf","values":[5792.0,104.0,23.0,7.0,41.0,0.0,59.0,77.0,15.0,29.0]}
{"type":"internal","split":{"type":"continuous","featureIndex":0,"threshold":6.262746897713836}}
{"type":"internal","split":{"type":"continuous","featureIndex":1,"threshold":-1.0012230389355814}}
{"type":"internal","split":{"type":"continuous","featureIndex":6,"threshold":-2.421608127325174}}
{"type":"internal","split":{"type":"continuous","featureIndex":0,"threshold":3.122658529653896}}
{"type":"leaf","values":[0.0,3263.0,33.0,82.0,915.0,3.0,103.0,90.0,113.0,18.0]}
{"type":"leaf","values":[1.0,734.0,23.0,55.0,402.0,89.0,796.0,151.0,104.0,31.0]}
{"type":"internal","split":{"type":"continuous","featureIndex":4,"threshold":2.432639289883263}}
{"type":"leaf","values":[3.0,836.0,1.0,45.0,166.0,39.0,28.0,8.0,278.0,247.0]}
{"type":"leaf","values":[0.0,222.0,60.0,142.0,3447.0,14.0,187.0,217.0,4668.0,297.0]}
{"type":"internal","split":{"type":"continuous","featureIndex":2,"threshold":-0.35912289573303674}}
{"type":"internal","split":{"type":"continuous","featureIndex":1,"threshold":2.025060706155404}}
{"type":"leaf","values":[124.0,135.0,1658.0,238.0,280.0,468.0,203.0,1377.0,112.0,1283.0]}
{"type":"leaf","values":[7.0,1.0,2116.0,287.0,4.0,67.0,0.0,331.0,0.0,386.0]}
{"type":"internal","split":{"type":"continuous","featureIndex":3,"threshold":1.7211755369057924}}
{"type":"leaf","values":[370.0,134.0,190.0,4296.0,32.0,342.0,3825.0,232.0,293.0,538.0]}
{"type":"leaf","values":[206.0,287.0,1653.0,412.0,233.0,1071.0,393.0,3185.0,150.0,2224.0]}
{"type":"internal","split":{"type":"continuous","featureIndex":9,"threshold":-0.9595004945106854}}
{"type":"internal","split":{"type":"continuous","featureIndex":3,"threshold":0.0791438564928421}}
{"type":"internal","split":{"type":"continuous","featureIndex":4,"threshold":2.9288309721469172}}
{"type":"leaf","values":[0.0,0.0,0.0,0.0,0.0,12.0,0.0,0.0,1.0,0.0]}
{"type":"leaf","values":[0.0,0.0,0.0,2.0,0.0,3.0,58.0,1.0,4.0,1.0]}
{"type":"internal","split":{"type":"continuous","featureIndex":7,"threshold":-0.4255173082207488}}
{"type":"leaf","values":[0.0,0.0,76.0,26.0,2.0,6.0,0.0,13.0,0.0,9.0]}
{"type":"leaf","values":[0.0,0.0,12.0,0.0,9.0,83.0,11.0,59.0,3.0,119.0]}
{"type":"internal","split":{"type":"continuous","featureIndex":4,"threshold":3.5164617613153686}}
{"type":"internal","split":{"type":"continuous","featureIndex":4,"threshold":2.259402058674739}}
{"type":"leaf","values":[0.0,15.0,0.0,12.0,11.0,2916.0,19.0,2.0,2.0,6.0]}
{"type":"leaf","values":[0.0,8.0,20.0,30.0,14.0,474.0,52.0,10.0,12.0,43.0]}
{"type":"internal","split":{"type":"continuous","featureIndex":7,"threshold":0.6807091150571197}}
{"type":"leaf","values":[0.0,1.0,72.0,213.0,17.0,274.0,52.0,47.0,40.0,48.0]}
{"type":"leaf","values":[0.0,0.0,1.0,11.0,12.0,33.0,212.0,46.0,14.0,43.0]}
