{"type":"internal","split":{"type":"continuous","featureIndex":4,"threshold":2.9288309721469172}}
{"type":"internal","split":{"type":"continuous","featureIndex":0,"threshold":0.2970851750362174}}
{"type":"internal","split":{"type":"continuous","featureIndex":1,"threshold":0.13790860640225538}}
{"type":"internal","split":{"type":"continuous","featureIndex":1,"threshold":-1.0012230389355814}}
{"type":"internal","split":{"type":"continuous","featureIndex":6,"threshold":-2.540261761039546}}
{"type":"leaf","values":[0.0,162.0,2.0,0.0,4.0,0.0,0.0,0.0,0.0,0.0]}
{"type":"leaf","values":[0.0,6.0,0.0,0.0,7.0,0.0,0.0,0.0,1.0,0.0]}
{"type":"internal","split":{"type":"continuous","featureIndex":5,"threshold":0.3623542641647797}}
{"type":"leaf","values":[3.0,143.0,6.0,7.0,35.0,0.0,0.0,3.0,18.0,2.0]}
{"type":"leaf","values":[67.0,1.0,0.0,0.0,55.0,0.0,2.0,0.0,14.0,0.0]}
{"type":"internal","split":{"type":"continuous","featureIndex":9,"threshold":-0.6410437376492122}}
{"type":"internal","split":{"type":"continuous","featureIndex":6,"threshold":-2.9198266584417834}}
{"type":"leaf","values":[7.0,0.0,0.0,0.0,0.0,0.0,0.0,0.0,1.0,0.0]}
{"type":"leaf","values":[1.0,3.0,0.0,0.0,8.0,0.0,0.0,0.0,2.0,2.0]}
{"type":"internal","split":{"type":"continuous","featureIndex":2,"threshold":-0.5768092610594084}}
{"type":"leaf","values":[1.0,3.0,15.0,6.0,0.0,0.0,0.0,0.0,0.0,0.0]}
{"type":"leaf","values":[4081.0,65.0,21.0,21.0,16.0,0.0,20.0,16.0,5.0,42.0]}
{"type":"internal","split":{"type":"continuous","featureIndex":0,"threshold":5.292906728734371}}
{"type":"internal","split":{"type":"continuous","featureIndex":1,"threshold":-1.535137485304471}}
{"type":"internal","split":{"type":"continuous","featureIndex":6,"threshold":-1.6437634016370248}}
{"type":"leaf","values":[0.0,2931.0,6.0,26.0,179.0,22.0,75.0,10.0,58.0,56.0]}
{"type":"leaf","values":[2.0,264.0,3.0,11.0,163.0,1.0,3.0,5.0,359.0,149.0]}
{"type":"internal","split":{"type":"continuous","featureIndex":2,"threshold":1.2978647950166304}}
{"type":"leaf","values":[234.0,316.0,1205.0,236.0,189.0,409.0,294.0,90.0,161.0,1040.0]}
{"type":"leaf","values":[39.0,128.0,110.0,221.0,30.0,327.0,229.0,120.0,24.0,1417.0]}
{"type":"internal","split":{"type":"continuous","featureIndex":4,"threshold":1.8850816976034281}}
{"type":"internal","split":{"type":"continuous","featureIndex":1,"threshold":-2.0877743148785166}}
{"type":"leaf","values":[0.0,58.0,0.0,0.0,4.0,17.0,3.0,0.0,3.0,0.0]}
{"type":"leaf","values":[0.0,10.0,7.0,13.0,11.0,3339.0,29.0,0.0,4.0,23.0]}
{"type":"internal","split":{"type":"continuous","featureIndex":0,"threshold":7.070684721120397}}
{"type":"leaf","values":[0.0,13.0,44.0,39.0,35.0,283.0,70.0,5.0,42.0,139.0]}
{"type":"leaf","values":[0.0,0.0,6.0,6.0,6.0,437.0,8.0,2.0,6.0,15.0]}
{"type":"internal","split":{"type":"continuous","featureIndex":5,"threshold":1.4542993635935884}}
{"type":"internal","split":{"type":"continuous","featureIndex":3,"threshold":1.4521615110025063}}
{"type":"internal","split":{"type":"continuous","featureIndex":6,"threshold":-1.2978221934594987}}
{"type":"internal","split":{"type":"continuous","featureIndex":2,"threshold":-0.8307505863727153}}
{"type":"leaf","values":[2.0,66.0,177.0,194.0,421.0,76.0,50.0,376.0,36.0,136.0]}
{"type":"leaf","values":[219.0,165.0,84.0,3346.0,230.0,95.0,1510.0,136.0,423.0,46.0]}
{"type":"internal","split":{"type":"continuous","featureIndex":0,"threshold":0.6753325153166889}}
{"type":"leaf","values":[730.0,5.0,8.0,10.0,3.0,0.0,6.0,2.0,87.0,6.0]}
{"type":"leaf","values":[83.0,19.0,71.0,952.0,671.0,17.0,68.0,194.0,2184.0,107.0]}
{"type":"internal","split":{"type":"continuous","featureIndex":1,"threshold":-0.7280950238661672}}
{"type":"internal","split":{"type":"continuous","featureIndex":9,"threshold":-2.1361899538461335}}
{"type":"leaf","values":[0.0,25.0,0.0,0.0,223.0,0.0,0.0,3.0,413.0,0.0]}
{"type":"leaf","values":[3.0,1412.0,99.0,48.0,3033.0,94.0,3.0,550.0,1468.0,271.0]}
{"type":"internal","split":{"type":"continuous","featureIndex":7,"threshold":-0.4255173082207488}}
{"type":"leaf","values":[142.0,32.0,3037.0,254.0,112.0,347.0,85.0,340.0,20.0,247.0]}
{"type":"leaf","values":[883.0,325.0,822.0,483.0,261.0,208.0,42.0,3924.0,146.0,1024.0]}
{"type":"internal","split":{"type":"continuous","featureIndex":5,"threshold":2.1155290348972136}}
{"type":"internal","split":{"type":"continuous","featureIndex":2,"threshold":1.146858416707751}}
{"type":"internal","split":{"type":"continuous","featureIndex":3,"threshold":0.5561545238139307}}
{"type":"leaf","values":[0.0,1.0,5.0,22.0,2.0,1.0,202.0,3.0,12.0,8.0]}
{"type":"leaf","values":[118.0,18.0,278.0,2.0,203.0,59.0,19.0,53.0,131.0,320.0]}
{"type":"internal","split":{"type":"continuous","featureIndex":6,"threshold":-1.1756581986303352}}
{"type":"leaf","values":[17.0,0.0,13.0,22.0,18.0,119.0,727.0,4.0,62.0,85.0]}
{"type":"leaf","values":[0.0,0.0,0.0,0.0,2.0,23.0,28.0,6.0,19.0,68.0]}
{"type":"internal","split":{"type":"continuous","featureIndex":2,"threshold":0.04728784081112432}}
{"type":"internal","split":{"type":"continuous","featureIndex":8,"threshold":0.9942112789910311}}
{"type":"leaf","values":[6.0,0.0,6.0,0.0,0.0,1.0,13.0,0.0,0.0,73.0]}
{"type":"leaf","values":[24.0,6.0,120.0,0.0,51.0,10.0,35.0,8.0,13.0,37.0]}
{"type":"internal","split":{"type":"continuous","featureIndex":5,"threshold":2.6724708637217347}}
{"type":"leaf","values":[24.0,4.0,16.0,16.0,11.0,46.0,946.0,1.0,63.0,107.0]}
{"type":"leaf","values":[4.0,0.0,11.0,3.0,2.0,20.0,1488.0,2.0,33.0,28.0]}
