{"type":"internal","split":{"type":"continuous","featureIndex":3,"threshold":0.5561545238139307}}
{"type":"internal","split":{"type":"continuous","featureIndex":5,"threshold":0.6884394773216727}}
{"type":"internal","split":{"type":"continuous","featureIndex":1,"threshold":-1.0012230389355814}}
{"type":"internal","split":{"type":"continuous","featureIndex":6,"threshold":-1.1756581986303352}}
{"type":"internal","split":{"type":"continuous","featureIndex":6,"threshold":-2.540261761039546}}
{"type":"leaf","values":[0.0,36.0,13.0,70.0,110.0,97.0,402.0,6.0,38.0,4.0]}
{"type":"leaf","values":[0.0,86.0,2.0,77.0,381.0,21.0,102.0,15.0,200.0,8.0]}
{"type":"internal","split":{"type":"continuous","featureIndex":3,"threshold":-0.943709482783192}}
{"type":"leaf","values":[0.0,1.0,0.0,2.0,19.0,1.0,4.0,0.0,394.0,1.0]}
{"type":"leaf","values":[0.0,46.0,1.0,41.0,151.0,6.0,2.0,5.0,999.0,9.0]}
{"type":"internal","split":{"type":"continuous","featureIndex":4,"threshold":2.6140725887844907}}
{"type":"internal","split":{"type":"continuous","featureIndex":5,"threshold":-1.3626215586938764}}
{"type":"leaf","values":[36.0,4.0,6.0,16.0,23.0,477.0,69.0,0.0,10.0,20.0]}
{"type":"leaf","values":[101.0,50.0,12.0,132.0,14.0,132.0,109.0,12.0,14.0,163.0]}
{"type":"internal","split":{"type":"continuous","featureIndex":9,"threshold":-0.23940433863922936}}
{"type":"leaf","values":[5.0,6.0,22.0,360.0,15.0,51.0,349.0,76.0,44.0,69.0]}
{"type":"leaf","values":[66.0,8.0,50.0,2952.0,43.0,18.0,236.0,45.0,35.0,35.0]}
{"type":"internal","split":{"type":"continuous","featureIndex":5,"threshold":1.2388639039120635}}
{"type":"internal","split":{"type":"continuous","featureIndex":6,"threshold":-1.4166105492222627}}
{"type":"internal","split":{"type":"continuous","featureIndex":3,"threshold":-0.943709482783192}}
{"type":"leaf","values":[0.0,0.0,0.0,17.0,0.0,1.0,220.0,0.0,1.0,3.0]}
{"type":"leaf","values":[4.0,7.0,26.0,69.0,4.0,10.0,139.0,11.0,15.0,18.0]}
{"type":"internal","split":{"type":"continuous","featureIndex":2,"threshold":0.04728784081112432}}
{"type":"leaf","values":[1.0,10.0,3.0,1.0,5.0,1.0,5.0,4.0,25.0,6.0]}
{"type":"leaf","values":[0.0,2.0,0.0,30.0,1.0,0.0,16.0,0.0,32.0,2.0]}
{"type":"internal","split":{"type":"continuous","featureIndex":1,"threshold":2.025060706155404}}
{"type":"internal","split":{"type":"continuous","featureIndex":4,"threshold":1.8850816976034281}}
{"type":"leaf","values":[1.0,2.0,0.0,9.0,0.0,4.0,1.0,0.0,2.0,0.0]}
{"type":"leaf","values":[4.0,4.0,16.0,46.0,1.0,18.0,2405.0,3.0,31.0,12.0]}
{"type":"internal","split":{"type":"continuous","featureIndex":8,"threshold":0.9942112789910311}}
{"type":"leaf","values":[0.0,0.0,0.0,0.0,0.0,0.0,0.0,0.0,0.0,5.0]}
{"type":"leaf","values":[0.0,0.0,14.0,35.0,0.0,0.0,2.0,0.0,0.0,0.0]}
{"type":"internal","split":{"type":"continuous","featureIndex":1,"threshold":-0.7280950238661672}}
{"type":"internal","split":{"type":"continuous","featureIndex":4,"threshold":3.2156331237157865}}
{"type":"internal","split":{"type":"continuous","featureIndex":7,"threshold":0.0064960590107934766}}
{"type":"internal","split":{"type":"continuous","featureIndex":8,"threshold":2.1691875557751192}}
{"type":"leaf","values":[0.0,2969.0,13.0,11.0,181.0,49.0,4.0,6.0,103.0,33.0]}
{"type":"leaf","values":[2.0,506.0,8.0,3.0,93.0,116.0,3.0,8.0,30.0,117.0]}
{"type":"internal","split":{"type":"continuous","featureIndex":0,"threshold":1.584558612497962}}
{"type":"leaf","values":[1.0,479.0,5.0,3.0,212.0,0.0,0.0,3.0,78.0,45.0]}
{"type":"leaf","values":[0.0,225.0,16.0,5.0,226.0,39.0,2.0,49.0,196.0,399.0]}
{"type":"internal","split":{"type":"continuous","featureIndex":6,"threshold":-3.5928584179334857}}
{"type":"internal","split":{"type":"continuous","featureIndex":7,"threshold":0.6807091150571197}}
{"type":"leaf","values":[0.0,781.0,16.0,31.0,98.0,41.0,3.0,34.0,1.0,0.0]}
{"type":"leaf","values":[0.0,51.0,7.0,5.0,86.0,0.0,5.0,71.0,12.0,2.0]}
{"type":"internal","split":{"type":"continuous","featureIndex":6,"threshold":-0.9032987513035801}}
{"type":"leaf","values":[4.0,358.0,120.0,60.0,3181.0,94.0,80.0,412.0,1541.0,168.0]}
{"type":"leaf","values":[0.0,5.0,12.0,27.0,538.0,1.0,0.0,41.0,1532.0,98.0]}
{"type":"internal","split":{"type":"continuous","featureIndex":0,"threshold":0.2970851750362174}}
{"type":"internal","split":{"type":"continuous","featureIndex":1,"threshold":0.13790860640225538}}
{"type":"internal","split":{"type":"continuous","featureIndex":3,"threshold":2.8218945401157383}}
{"type":"leaf","values":[74.0,126.0,11.0,5.0,37.0,0.0,4.0,1.0,65.0,1.0]}
{"type":"leaf","values":[9.0,20.0,2.0,0.0,95.0,0.0,0.0,0.0,12.0,0.0]}
{"type":"internal","split":{"type":"continuous","featureIndex":3,"threshold":2.3402425469668793}}
{"type":"leaf","values":[5315.0,95.0,15.0,18.0,18.0,0.0,58.0,36.0,29.0,12.0]}
{"type":"leaf","values":[502.0,57.0,19.0,0.0,59.0,0.0,2.0,36.0,10.0,9.0]}
{"type":"internal","split":{"type":"continuous","featureIndex":4,"threshold":1.6555487599249203}}
{"type":"internal","split":{"type":"continuous","featureIndex":0,"threshold":3.867178867072891}}
{"type":"leaf","values":[6.0,26.0,94.0,10.0,0.0,52.0,1.0,7.0,1.0,366.0]}
{"type":"leaf","values":[0.0,1.0,34.0,13.0,3.0,2857.0,8.0,2.0,0.0,58.0]}
{"type":"internal","split":{"type":"continuous","featureIndex":7,"threshold":-0.09524471151776161}}
{"type":"leaf","values":[273.0,106.0,4847.0,994.0,150.0,988.0,976.0,773.0,91.0,1403.0]}
{"type":"leaf","values":[353.0,227.0,791.0,832.0,221.0,815.0,645.0,4105.0,154.0,2374.0]}
