{
  "name": "vecAssembler_ae7181eeb1ea",
  "shape": {
    "inputs": [{
      "port": "input0",
      "name": "x0"
    }, {
      "port": "input1",
      "name": "x1"
    }, {
      "port": "input2",
      "name": "x2"
    }, {
      "port": "input3",
      "name": "x3"
    }, {
      "port": "input4",
      "name": "x4"
    }, {
      "port": "input5",
      "name": "x5"
    }, {
      "port": "input6",
      "name": "x6"
    }, {
      "port": "input7",
      "name": "x7"
    }, {
      "port": "input8",
      "name": "x8"
    }, {
      "port": "input9",
      "name": "x9"
    }, {
      "port": "input10",
      "name": "x10"
    }, {
      "port": "input11",
      "name": "x11"
    }, {
      "port": "input12",
      "name": "x12"
    }, {
      "port": "input13",
      "name": "x13"
    }, {
      "port": "input14",
      "name": "x14"
    }, {
      "port": "input15",
      "name": "x15"
    }, {
      "port": "input16",
      "name": "x16"
    }, {
      "port": "input17",
      "name": "x17"
    }, {
      "port": "input18",
      "name": "x18"
    }, {
      "port": "input19",
      "name": "x19"
    }, {
      "port": "input20",
      "name": "x20"
    }, {
      "port": "input21",
      "name": "x21"
    }, {
      "port": "input22",
      "name": "x22"
    }, {
      "port": "input23",
      "name": "x23"
    }, {
      "port": "input24",
      "name": "x24"
    }, {
      "port": "input25",
      "name": "x25"
    }, {
      "port": "input26",
      "name": "x26"
    }, {
      "port": "input27",
      "name": "x27"
    }, {
      "port": "input28",
      "name": "x28"
    }, {
      "port": "input29",
      "name": "x29"
    }, {
      "port": "input30",
      "name": "x30"
    }, {
      "port": "input31",
      "name": "x31"
    }, {
      "port": "input32",
      "name": "x32"
    }, {
      "port": "input33",
      "name": "x33"
    }, {
      "port": "input34",
      "name": "x34"
    }, {
      "port": "input35",
      "name": "x35"
    }, {
      "port": "input36",
      "name": "x36"
    }, {
      "port": "input37",
      "name": "x37"
    }, {
      "port": "input38",
      "name": "x38"
    }, {
      "port": "input39",
      "name": "x39"
    }, {
      "port": "input40",
      "name": "x40"
    }, {
      "port": "input41",
      "name": "x41"
    }, {
      "port": "input42",
      "name": "x42"
    }, {
      "port": "input43",
      "name": "x43"
    }, {
      "port": "input44",
      "name": "x44"
    }, {
      "port": "input45",
      "name": "x45"
    }, {
      "port": "input46",
      "name": "x46"
    }, {
      "port": "input47",
      "name": "x47"
    }, {
      "port": "input48",
      "name": "x48"
    }, {
      "port": "input49",
      "name": "x49"
    }, {
      "port": "input50",
      "name": "x50"
    }, {
      "port": "input51",
      "name": "x51"
    }, {
      "port": "input52",
      "name": "x52"
    }, {
      "port": "input53",
      "name": "x53"
    }, {
      "port": "input54",
      "name": "x54"
    }, {
      "port": "input55",
      "name": "x55"
    }, {
      "port": "input56",
      "name": "x56"
    }, {
      "port": "input57",
      "name": "x57"
    }, {
      "port": "input58",
      "name": "x58"
    }, {
      "port": "input59",
      "name": "x59"
    }, {
      "port": "input60",
      "name": "x60"
    }, {
      "port": "input61",
      "name": "x61"
    }, {
      "port": "input62",
      "name": "x62"
    }, {
      "port": "input63",
      "name": "x63"
    }, {
      "port": "input64",
      "name": "x64"
    }, {
      "port": "input65",
      "name": "x65"
    }, {
      "port": "input66",
      "name": "x66"
    }, {
      "port": "input67",
      "name": "x67"
    }, {
      "port": "input68",
      "name": "x68"
    }, {
      "port": "input69",
      "name": "x69"
    }, {
      "port": "input70",
      "name": "x70"
    }, {
      "port": "input71",
      "name": "x71"
    }, {
      "port": "input72",
      "name": "x72"
    }, {
      "port": "input73",
      "name": "x73"
    }, {
      "port": "input74",
      "name": "x74"
    }, {
      "port": "input75",
      "name": "x75"
    }, {
      "port": "input76",
      "name": "x76"
    }, {
      "port": "input77",
      "name": "x77"
    }, {
      "port": "input78",
      "name": "x78"
    }, {
      "port": "input79",
      "name": "x79"
    }, {
      "port": "input80",
      "name": "x80"
    }, {
      "port": "input81",
      "name": "x81"
    }, {
      "port": "input82",
      "name": "x82"
    }, {
      "port": "input83",
      "name": "x83"
    }, {
      "port": "input84",
      "name": "x84"
    }, {
      "port": "input85",
      "name": "x85"
    }, {
      "port": "input86",
      "name": "x86"
    }, {
      "port": "input87",
      "name": "x87"
    }, {
      "port": "input88",
      "name": "x88"
    }, {
      "port": "input89",
      "name": "x89"
    }, {
      "port": "input90",
      "name": "x90"
    }, {
      "port": "input91",
      "name": "x91"
    }, {
      "port": "input92",
      "name": "x92"
    }, {
      "port": "input93",
      "name": "x93"
    }, {
      "port": "input94",
      "name": "x94"
    }, {
      "port": "input95",
      "name": "x95"
    }, {
      "port": "input96",
      "name": "x96"
    }, {
      "port": "input97",
      "name": "x97"
    }, {
      "port": "input98",
      "name": "x98"
    }, {
      "port": "input99",
      "name": "x99"
    }, {
      "port": "input100",
      "name": "x100"
    }, {
      "port": "input101",
      "name": "x101"
    }, {
      "port": "input102",
      "name": "x102"
    }, {
      "port": "input103",
      "name": "x103"
    }, {
      "port": "input104",
      "name": "x104"
    }, {
      "port": "input105",
      "name": "x105"
    }, {
      "port": "input106",
      "name": "x106"
    }, {
      "port": "input107",
      "name": "x107"
    }, {
      "port": "input108",
      "name": "x108"
    }, {
      "port": "input109",
      "name": "x109"
    }, {
      "port": "input110",
      "name": "x110"
    }, {
      "port": "input111",
      "name": "x111"
    }, {
      "port": "input112",
      "name": "x112"
    }, {
      "port": "input113",
      "name": "x113"
    }, {
      "port": "input114",
      "name": "x114"
    }, {
      "port": "input115",
      "name": "x115"
    }, {
      "port": "input116",
      "name": "x116"
    }, {
      "port": "input117",
      "name": "x117"
    }, {
      "port": "input118",
      "name": "x118"
    }, {
      "port": "input119",
      "name": "x119"
    }, {
      "port": "input120",
      "name": "x120"
    }, {
      "port": "input121",
      "name": "x121"
    }, {
      "port": "input122",
      "name": "x122"
    }, {
      "port": "input123",
      "name": "x123"
    }, {
      "port": "input124",
      "name": "x124"
    }, {
      "port": "input125",
      "name": "x125"
    }, {
      "port": "input126",
      "name": "x126"
    }, {
      "port": "input127",
      "name": "x127"
    }, {
      "port": "input128",
      "name": "x128"
    }, {
      "port": "input129",
      "name": "x129"
    }, {
      "port": "input130",
      "name": "x130"
    }, {
      "port": "input131",
      "name": "x131"
    }, {
      "port": "input132",
      "name": "x132"
    }, {
      "port": "input133",
      "name": "x133"
    }, {
      "port": "input134",
      "name": "x134"
    }, {
      "port": "input135",
      "name": "x135"
    }, {
      "port": "input136",
      "name": "x136"
    }, {
      "port": "input137",
      "name": "x137"
    }, {
      "port": "input138",
      "name": "x138"
    }, {
      "port": "input139",
      "name": "x139"
    }, {
      "port": "input140",
      "name": "x140"
    }, {
      "port": "input141",
      "name": "x141"
    }, {
      "port": "input142",
      "name": "x142"
    }, {
      "port": "input143",
      "name": "x143"
    }, {
      "port": "input144",
      "name": "x144"
    }, {
      "port": "input145",
      "name": "x145"
    }, {
      "port": "input146",
      "name": "x146"
    }, {
      "port": "input147",
      "name": "x147"
    }, {
      "port": "input148",
      "name": "x148"
    }, {
      "port": "input149",
      "name": "x149"
    }, {
      "port": "input150",
      "name": "x150"
    }, {
      "port": "input151",
      "name": "x151"
    }, {
      "port": "input152",
      "name": "x152"
    }, {
      "port": "input153",
      "name": "x153"
    }, {
      "port": "input154",
      "name": "x154"
    }, {
      "port": "input155",
      "name": "x155"
    }, {
      "port": "input156",
      "name": "x156"
    }, {
      "port": "input157",
      "name": "x157"
    }, {
      "port": "input158",
      "name": "x158"
    }, {
      "port": "input159",
      "name": "x159"
    }, {
      "port": "input160",
      "name": "x160"
    }, {
      "port": "input161",
      "name": "x161"
    }, {
      "port": "input162",
      "name": "x162"
    }, {
      "port": "input163",
      "name": "x163"
    }, {
      "port": "input164",
      "name": "x164"
    }, {
      "port": "input165",
      "name": "x165"
    }, {
      "port": "input166",
      "name": "x166"
    }, {
      "port": "input167",
      "name": "x167"
    }, {
      "port": "input168",
      "name": "x168"
    }, {
      "port": "input169",
      "name": "x169"
    }, {
      "port": "input170",
      "name": "x170"
    }, {
      "port": "input171",
      "name": "x171"
    }, {
      "port": "input172",
      "name": "x172"
    }, {
      "port": "input173",
      "name": "x173"
    }, {
      "port": "input174",
      "name": "x174"
    }, {
      "port": "input175",
      "name": "x175"
    }, {
      "port": "input176",
      "name": "x176"
    }, {
      "port": "input177",
      "name": "x177"
    }, {
      "port": "input178",
      "name": "x178"
    }, {
      "port": "input179",
      "name": "x179"
    }, {
      "port": "input180",
      "name": "x180"
    }, {
      "port": "input181",
      "name": "x181"
    }, {
      "port": "input182",
      "name": "x182"
    }, {
      "port": "input183",
      "name": "x183"
    }, {
      "port": "input184",
      "name": "x184"
    }, {
      "port": "input185",
      "name": "x185"
    }, {
      "port": "input186",
      "name": "x186"
    }, {
      "port": "input187",
      "name": "x187"
    }, {
      "port": "input188",
      "name": "x188"
    }, {
      "port": "input189",
      "name": "x189"
    }, {
      "port": "input190",
      "name": "x190"
    }, {
      "port": "input191",
      "name": "x191"
    }, {
      "port": "input192",
      "name": "x192"
    }, {
      "port": "input193",
      "name": "x193"
    }, {
      "port": "input194",
      "name": "x194"
    }, {
      "port": "input195",
      "name": "x195"
    }, {
      "port": "input196",
      "name": "x196"
    }, {
      "port": "input197",
      "name": "x197"
    }, {
      "port": "input198",
      "name": "x198"
    }, {
      "port": "input199",
      "name": "x199"
    }, {
      "port": "input200",
      "name": "x200"
    }, {
      "port": "input201",
      "name": "x201"
    }, {
      "port": "input202",
      "name": "x202"
    }, {
      "port": "input203",
      "name": "x203"
    }, {
      "port": "input204",
      "name": "x204"
    }, {
      "port": "input205",
      "name": "x205"
    }, {
      "port": "input206",
      "name": "x206"
    }, {
      "port": "input207",
      "name": "x207"
    }, {
      "port": "input208",
      "name": "x208"
    }, {
      "port": "input209",
      "name": "x209"
    }, {
      "port": "input210",
      "name": "x210"
    }, {
      "port": "input211",
      "name": "x211"
    }, {
      "port": "input212",
      "name": "x212"
    }, {
      "port": "input213",
      "name": "x213"
    }, {
      "port": "input214",
      "name": "x214"
    }, {
      "port": "input215",
      "name": "x215"
    }, {
      "port": "input216",
      "name": "x216"
    }, {
      "port": "input217",
      "name": "x217"
    }, {
      "port": "input218",
      "name": "x218"
    }, {
      "port": "input219",
      "name": "x219"
    }, {
      "port": "input220",
      "name": "x220"
    }, {
      "port": "input221",
      "name": "x221"
    }, {
      "port": "input222",
      "name": "x222"
    }, {
      "port": "input223",
      "name": "x223"
    }, {
      "port": "input224",
      "name": "x224"
    }, {
      "port": "input225",
      "name": "x225"
    }, {
      "port": "input226",
      "name": "x226"
    }, {
      "port": "input227",
      "name": "x227"
    }, {
      "port": "input228",
      "name": "x228"
    }, {
      "port": "input229",
      "name": "x229"
    }, {
      "port": "input230",
      "name": "x230"
    }, {
      "port": "input231",
      "name": "x231"
    }, {
      "port": "input232",
      "name": "x232"
    }, {
      "port": "input233",
      "name": "x233"
    }, {
      "port": "input234",
      "name": "x234"
    }, {
      "port": "input235",
      "name": "x235"
    }, {
      "port": "input236",
      "name": "x236"
    }, {
      "port": "input237",
      "name": "x237"
    }, {
      "port": "input238",
      "name": "x238"
    }, {
      "port": "input239",
      "name": "x239"
    }, {
      "port": "input240",
      "name": "x240"
    }, {
      "port": "input241",
      "name": "x241"
    }, {
      "port": "input242",
      "name": "x242"
    }, {
      "port": "input243",
      "name": "x243"
    }, {
      "port": "input244",
      "name": "x244"
    }, {
      "port": "input245",
      "name": "x245"
    }, {
      "port": "input246",
      "name": "x246"
    }, {
      "port": "input247",
      "name": "x247"
    }, {
      "port": "input248",
      "name": "x248"
    }, {
      "port": "input249",
      "name": "x249"
    }, {
      "port": "input250",
      "name": "x250"
    }, {
      "port": "input251",
      "name": "x251"
    }, {
      "port": "input252",
      "name": "x252"
    }, {
      "port": "input253",
      "name": "x253"
    }, {
      "port": "input254",
      "name": "x254"
    }, {
      "port": "input255",
      "name": "x255"
    }, {
      "port": "input256",
      "name": "x256"
    }, {
      "port": "input257",
      "name": "x257"
    }, {
      "port": "input258",
      "name": "x258"
    }, {
      "port": "input259",
      "name": "x259"
    }, {
      "port": "input260",
      "name": "x260"
    }, {
      "port": "input261",
      "name": "x261"
    }, {
      "port": "input262",
      "name": "x262"
    }, {
      "port": "input263",
      "name": "x263"
    }, {
      "port": "input264",
      "name": "x264"
    }, {
      "port": "input265",
      "name": "x265"
    }, {
      "port": "input266",
      "name": "x266"
    }, {
      "port": "input267",
      "name": "x267"
    }, {
      "port": "input268",
      "name": "x268"
    }, {
      "port": "input269",
      "name": "x269"
    }, {
      "port": "input270",
      "name": "x270"
    }, {
      "port": "input271",
      "name": "x271"
    }, {
      "port": "input272",
      "name": "x272"
    }, {
      "port": "input273",
      "name": "x273"
    }, {
      "port": "input274",
      "name": "x274"
    }, {
      "port": "input275",
      "name": "x275"
    }, {
      "port": "input276",
      "name": "x276"
    }, {
      "port": "input277",
      "name": "x277"
    }, {
      "port": "input278",
      "name": "x278"
    }, {
      "port": "input279",
      "name": "x279"
    }, {
      "port": "input280",
      "name": "x280"
    }, {
      "port": "input281",
      "name": "x281"
    }, {
      "port": "input282",
      "name": "x282"
    }, {
      "port": "input283",
      "name": "x283"
    }, {
      "port": "input284",
      "name": "x284"
    }, {
      "port": "input285",
      "name": "x285"
    }, {
      "port": "input286",
      "name": "x286"
    }, {
      "port": "input287",
      "name": "x287"
    }, {
      "port": "input288",
      "name": "x288"
    }, {
      "port": "input289",
      "name": "x289"
    }, {
      "port": "input290",
      "name": "x290"
    }, {
      "port": "input291",
      "name": "x291"
    }, {
      "port": "input292",
      "name": "x292"
    }, {
      "port": "input293",
      "name": "x293"
    }, {
      "port": "input294",
      "name": "x294"
    }, {
      "port": "input295",
      "name": "x295"
    }, {
      "port": "input296",
      "name": "x296"
    }, {
      "port": "input297",
      "name": "x297"
    }, {
      "port": "input298",
      "name": "x298"
    }, {
      "port": "input299",
      "name": "x299"
    }, {
      "port": "input300",
      "name": "x300"
    }, {
      "port": "input301",
      "name": "x301"
    }, {
      "port": "input302",
      "name": "x302"
    }, {
      "port": "input303",
      "name": "x303"
    }, {
      "port": "input304",
      "name": "x304"
    }, {
      "port": "input305",
      "name": "x305"
    }, {
      "port": "input306",
      "name": "x306"
    }, {
      "port": "input307",
      "name": "x307"
    }, {
      "port": "input308",
      "name": "x308"
    }, {
      "port": "input309",
      "name": "x309"
    }, {
      "port": "input310",
      "name": "x310"
    }, {
      "port": "input311",
      "name": "x311"
    }, {
      "port": "input312",
      "name": "x312"
    }, {
      "port": "input313",
      "name": "x313"
    }, {
      "port": "input314",
      "name": "x314"
    }, {
      "port": "input315",
      "name": "x315"
    }, {
      "port": "input316",
      "name": "x316"
    }, {
      "port": "input317",
      "name": "x317"
    }, {
      "port": "input318",
      "name": "x318"
    }, {
      "port": "input319",
      "name": "x319"
    }, {
      "port": "input320",
      "name": "x320"
    }, {
      "port": "input321",
      "name": "x321"
    }, {
      "port": "input322",
      "name": "x322"
    }, {
      "port": "input323",
      "name": "x323"
    }, {
      "port": "input324",
      "name": "x324"
    }, {
      "port": "input325",
      "name": "x325"
    }, {
      "port": "input326",
      "name": "x326"
    }, {
      "port": "input327",
      "name": "x327"
    }, {
      "port": "input328",
      "name": "x328"
    }, {
      "port": "input329",
      "name": "x329"
    }, {
      "port": "input330",
      "name": "x330"
    }, {
      "port": "input331",
      "name": "x331"
    }, {
      "port": "input332",
      "name": "x332"
    }, {
      "port": "input333",
      "name": "x333"
    }, {
      "port": "input334",
      "name": "x334"
    }, {
      "port": "input335",
      "name": "x335"
    }, {
      "port": "input336",
      "name": "x336"
    }, {
      "port": "input337",
      "name": "x337"
    }, {
      "port": "input338",
      "name": "x338"
    }, {
      "port": "input339",
      "name": "x339"
    }, {
      "port": "input340",
      "name": "x340"
    }, {
      "port": "input341",
      "name": "x341"
    }, {
      "port": "input342",
      "name": "x342"
    }, {
      "port": "input343",
      "name": "x343"
    }, {
      "port": "input344",
      "name": "x344"
    }, {
      "port": "input345",
      "name": "x345"
    }, {
      "port": "input346",
      "name": "x346"
    }, {
      "port": "input347",
      "name": "x347"
    }, {
      "port": "input348",
      "name": "x348"
    }, {
      "port": "input349",
      "name": "x349"
    }, {
      "port": "input350",
      "name": "x350"
    }, {
      "port": "input351",
      "name": "x351"
    }, {
      "port": "input352",
      "name": "x352"
    }, {
      "port": "input353",
      "name": "x353"
    }, {
      "port": "input354",
      "name": "x354"
    }, {
      "port": "input355",
      "name": "x355"
    }, {
      "port": "input356",
      "name": "x356"
    }, {
      "port": "input357",
      "name": "x357"
    }, {
      "port": "input358",
      "name": "x358"
    }, {
      "port": "input359",
      "name": "x359"
    }, {
      "port": "input360",
      "name": "x360"
    }, {
      "port": "input361",
      "name": "x361"
    }, {
      "port": "input362",
      "name": "x362"
    }, {
      "port": "input363",
      "name": "x363"
    }, {
      "port": "input364",
      "name": "x364"
    }, {
      "port": "input365",
      "name": "x365"
    }, {
      "port": "input366",
      "name": "x366"
    }, {
      "port": "input367",
      "name": "x367"
    }, {
      "port": "input368",
      "name": "x368"
    }, {
      "port": "input369",
      "name": "x369"
    }, {
      "port": "input370",
      "name": "x370"
    }, {
      "port": "input371",
      "name": "x371"
    }, {
      "port": "input372",
      "name": "x372"
    }, {
      "port": "input373",
      "name": "x373"
    }, {
      "port": "input374",
      "name": "x374"
    }, {
      "port": "input375",
      "name": "x375"
    }, {
      "port": "input376",
      "name": "x376"
    }, {
      "port": "input377",
      "name": "x377"
    }, {
      "port": "input378",
      "name": "x378"
    }, {
      "port": "input379",
      "name": "x379"
    }, {
      "port": "input380",
      "name": "x380"
    }, {
      "port": "input381",
      "name": "x381"
    }, {
      "port": "input382",
      "name": "x382"
    }, {
      "port": "input383",
      "name": "x383"
    }, {
      "port": "input384",
      "name": "x384"
    }, {
      "port": "input385",
      "name": "x385"
    }, {
      "port": "input386",
      "name": "x386"
    }, {
      "port": "input387",
      "name": "x387"
    }, {
      "port": "input388",
      "name": "x388"
    }, {
      "port": "input389",
      "name": "x389"
    }, {
      "port": "input390",
      "name": "x390"
    }, {
      "port": "input391",
      "name": "x391"
    }, {
      "port": "input392",
      "name": "x392"
    }, {
      "port": "input393",
      "name": "x393"
    }, {
      "port": "input394",
      "name": "x394"
    }, {
      "port": "input395",
      "name": "x395"
    }, {
      "port": "input396",
      "name": "x396"
    }, {
      "port": "input397",
      "name": "x397"
    }, {
      "port": "input398",
      "name": "x398"
    }, {
      "port": "input399",
      "name": "x399"
    }, {
      "port": "input400",
      "name": "x400"
    }, {
      "port": "input401",
      "name": "x401"
    }, {
      "port": "input402",
      "name": "x402"
    }, {
      "port": "input403",
      "name": "x403"
    }, {
      "port": "input404",
      "name": "x404"
    }, {
      "port": "input405",
      "name": "x405"
    }, {
      "port": "input406",
      "name": "x406"
    }, {
      "port": "input407",
      "name": "x407"
    }, {
      "port": "input408",
      "name": "x408"
    }, {
      "port": "input409",
      "name": "x409"
    }, {
      "port": "input410",
      "name": "x410"
    }, {
      "port": "input411",
      "name": "x411"
    }, {
      "port": "input412",
      "name": "x412"
    }, {
      "port": "input413",
      "name": "x413"
    }, {
      "port": "input414",
      "name": "x414"
    }, {
      "port": "input415",
      "name": "x415"
    }, {
      "port": "input416",
      "name": "x416"
    }, {
      "port": "input417",
      "name": "x417"
    }, {
      "port": "input418",
      "name": "x418"
    }, {
      "port": "input419",
      "name": "x419"
    }, {
      "port": "input420",
      "name": "x420"
    }, {
      "port": "input421",
      "name": "x421"
    }, {
      "port": "input422",
      "name": "x422"
    }, {
      "port": "input423",
      "name": "x423"
    }, {
      "port": "input424",
      "name": "x424"
    }, {
      "port": "input425",
      "name": "x425"
    }, {
      "port": "input426",
      "name": "x426"
    }, {
      "port": "input427",
      "name": "x427"
    }, {
      "port": "input428",
      "name": "x428"
    }, {
      "port": "input429",
      "name": "x429"
    }, {
      "port": "input430",
      "name": "x430"
    }, {
      "port": "input431",
      "name": "x431"
    }, {
      "port": "input432",
      "name": "x432"
    }, {
      "port": "input433",
      "name": "x433"
    }, {
      "port": "input434",
      "name": "x434"
    }, {
      "port": "input435",
      "name": "x435"
    }, {
      "port": "input436",
      "name": "x436"
    }, {
      "port": "input437",
      "name": "x437"
    }, {
      "port": "input438",
      "name": "x438"
    }, {
      "port": "input439",
      "name": "x439"
    }, {
      "port": "input440",
      "name": "x440"
    }, {
      "port": "input441",
      "name": "x441"
    }, {
      "port": "input442",
      "name": "x442"
    }, {
      "port": "input443",
      "name": "x443"
    }, {
      "port": "input444",
      "name": "x444"
    }, {
      "port": "input445",
      "name": "x445"
    }, {
      "port": "input446",
      "name": "x446"
    }, {
      "port": "input447",
      "name": "x447"
    }, {
      "port": "input448",
      "name": "x448"
    }, {
      "port": "input449",
      "name": "x449"
    }, {
      "port": "input450",
      "name": "x450"
    }, {
      "port": "input451",
      "name": "x451"
    }, {
      "port": "input452",
      "name": "x452"
    }, {
      "port": "input453",
      "name": "x453"
    }, {
      "port": "input454",
      "name": "x454"
    }, {
      "port": "input455",
      "name": "x455"
    }, {
      "port": "input456",
      "name": "x456"
    }, {
      "port": "input457",
      "name": "x457"
    }, {
      "port": "input458",
      "name": "x458"
    }, {
      "port": "input459",
      "name": "x459"
    }, {
      "port": "input460",
      "name": "x460"
    }, {
      "port": "input461",
      "name": "x461"
    }, {
      "port": "input462",
      "name": "x462"
    }, {
      "port": "input463",
      "name": "x463"
    }, {
      "port": "input464",
      "name": "x464"
    }, {
      "port": "input465",
      "name": "x465"
    }, {
      "port": "input466",
      "name": "x466"
    }, {
      "port": "input467",
      "name": "x467"
    }, {
      "port": "input468",
      "name": "x468"
    }, {
      "port": "input469",
      "name": "x469"
    }, {
      "port": "input470",
      "name": "x470"
    }, {
      "port": "input471",
      "name": "x471"
    }, {
      "port": "input472",
      "name": "x472"
    }, {
      "port": "input473",
      "name": "x473"
    }, {
      "port": "input474",
      "name": "x474"
    }, {
      "port": "input475",
      "name": "x475"
    }, {
      "port": "input476",
      "name": "x476"
    }, {
      "port": "input477",
      "name": "x477"
    }, {
      "port": "input478",
      "name": "x478"
    }, {
      "port": "input479",
      "name": "x479"
    }, {
      "port": "input480",
      "name": "x480"
    }, {
      "port": "input481",
      "name": "x481"
    }, {
      "port": "input482",
      "name": "x482"
    }, {
      "port": "input483",
      "name": "x483"
    }, {
      "port": "input484",
      "name": "x484"
    }, {
      "port": "input485",
      "name": "x485"
    }, {
      "port": "input486",
      "name": "x486"
    }, {
      "port": "input487",
      "name": "x487"
    }, {
      "port": "input488",
      "name": "x488"
    }, {
      "port": "input489",
      "name": "x489"
    }, {
      "port": "input490",
      "name": "x490"
    }, {
      "port": "input491",
      "name": "x491"
    }, {
      "port": "input492",
      "name": "x492"
    }, {
      "port": "input493",
      "name": "x493"
    }, {
      "port": "input494",
      "name": "x494"
    }, {
      "port": "input495",
      "name": "x495"
    }, {
      "port": "input496",
      "name": "x496"
    }, {
      "port": "input497",
      "name": "x497"
    }, {
      "port": "input498",
      "name": "x498"
    }, {
      "port": "input499",
      "name": "x499"
    }, {
      "port": "input500",
      "name": "x500"
    }, {
      "port": "input501",
      "name": "x501"
    }, {
      "port": "input502",
      "name": "x502"
    }, {
      "port": "input503",
      "name": "x503"
    }, {
      "port": "input504",
      "name": "x504"
    }, {
      "port": "input505",
      "name": "x505"
    }, {
      "port": "input506",
      "name": "x506"
    }, {
      "port": "input507",
      "name": "x507"
    }, {
      "port": "input508",
      "name": "x508"
    }, {
      "port": "input509",
      "name": "x509"
    }, {
      "port": "input510",
      "name": "x510"
    }, {
      "port": "input511",
      "name": "x511"
    }, {
      "port": "input512",
      "name": "x512"
    }, {
      "port": "input513",
      "name": "x513"
    }, {
      "port": "input514",
      "name": "x514"
    }, {
      "port": "input515",
      "name": "x515"
    }, {
      "port": "input516",
      "name": "x516"
    }, {
      "port": "input517",
      "name": "x517"
    }, {
      "port": "input518",
      "name": "x518"
    }, {
      "port": "input519",
      "name": "x519"
    }, {
      "port": "input520",
      "name": "x520"
    }, {
      "port": "input521",
      "name": "x521"
    }, {
      "port": "input522",
      "name": "x522"
    }, {
      "port": "input523",
      "name": "x523"
    }, {
      "port": "input524",
      "name": "x524"
    }, {
      "port": "input525",
      "name": "x525"
    }, {
      "port": "input526",
      "name": "x526"
    }, {
      "port": "input527",
      "name": "x527"
    }, {
      "port": "input528",
      "name": "x528"
    }, {
      "port": "input529",
      "name": "x529"
    }, {
      "port": "input530",
      "name": "x530"
    }, {
      "port": "input531",
      "name": "x531"
    }, {
      "port": "input532",
      "name": "x532"
    }, {
      "port": "input533",
      "name": "x533"
    }, {
      "port": "input534",
      "name": "x534"
    }, {
      "port": "input535",
      "name": "x535"
    }, {
      "port": "input536",
      "name": "x536"
    }, {
      "port": "input537",
      "name": "x537"
    }, {
      "port": "input538",
      "name": "x538"
    }, {
      "port": "input539",
      "name": "x539"
    }, {
      "port": "input540",
      "name": "x540"
    }, {
      "port": "input541",
      "name": "x541"
    }, {
      "port": "input542",
      "name": "x542"
    }, {
      "port": "input543",
      "name": "x543"
    }, {
      "port": "input544",
      "name": "x544"
    }, {
      "port": "input545",
      "name": "x545"
    }, {
      "port": "input546",
      "name": "x546"
    }, {
      "port": "input547",
      "name": "x547"
    }, {
      "port": "input548",
      "name": "x548"
    }, {
      "port": "input549",
      "name": "x549"
    }, {
      "port": "input550",
      "name": "x550"
    }, {
      "port": "input551",
      "name": "x551"
    }, {
      "port": "input552",
      "name": "x552"
    }, {
      "port": "input553",
      "name": "x553"
    }, {
      "port": "input554",
      "name": "x554"
    }, {
      "port": "input555",
      "name": "x555"
    }, {
      "port": "input556",
      "name": "x556"
    }, {
      "port": "input557",
      "name": "x557"
    }, {
      "port": "input558",
      "name": "x558"
    }, {
      "port": "input559",
      "name": "x559"
    }, {
      "port": "input560",
      "name": "x560"
    }, {
      "port": "input561",
      "name": "x561"
    }, {
      "port": "input562",
      "name": "x562"
    }, {
      "port": "input563",
      "name": "x563"
    }, {
      "port": "input564",
      "name": "x564"
    }, {
      "port": "input565",
      "name": "x565"
    }, {
      "port": "input566",
      "name": "x566"
    }, {
      "port": "input567",
      "name": "x567"
    }, {
      "port": "input568",
      "name": "x568"
    }, {
      "port": "input569",
      "name": "x569"
    }, {
      "port": "input570",
      "name": "x570"
    }, {
      "port": "input571",
      "name": "x571"
    }, {
      "port": "input572",
      "name": "x572"
    }, {
      "port": "input573",
      "name": "x573"
    }, {
      "port": "input574",
      "name": "x574"
    }, {
      "port": "input575",
      "name": "x575"
    }, {
      "port": "input576",
      "name": "x576"
    }, {
      "port": "input577",
      "name": "x577"
    }, {
      "port": "input578",
      "name": "x578"
    }, {
      "port": "input579",
      "name": "x579"
    }, {
      "port": "input580",
      "name": "x580"
    }, {
      "port": "input581",
      "name": "x581"
    }, {
      "port": "input582",
      "name": "x582"
    }, {
      "port": "input583",
      "name": "x583"
    }, {
      "port": "input584",
      "name": "x584"
    }, {
      "port": "input585",
      "name": "x585"
    }, {
      "port": "input586",
      "name": "x586"
    }, {
      "port": "input587",
      "name": "x587"
    }, {
      "port": "input588",
      "name": "x588"
    }, {
      "port": "input589",
      "name": "x589"
    }, {
      "port": "input590",
      "name": "x590"
    }, {
      "port": "input591",
      "name": "x591"
    }, {
      "port": "input592",
      "name": "x592"
    }, {
      "port": "input593",
      "name": "x593"
    }, {
      "port": "input594",
      "name": "x594"
    }, {
      "port": "input595",
      "name": "x595"
    }, {
      "port": "input596",
      "name": "x596"
    }, {
      "port": "input597",
      "name": "x597"
    }, {
      "port": "input598",
      "name": "x598"
    }, {
      "port": "input599",
      "name": "x599"
    }, {
      "port": "input600",
      "name": "x600"
    }, {
      "port": "input601",
      "name": "x601"
    }, {
      "port": "input602",
      "name": "x602"
    }, {
      "port": "input603",
      "name": "x603"
    }, {
      "port": "input604",
      "name": "x604"
    }, {
      "port": "input605",
      "name": "x605"
    }, {
      "port": "input606",
      "name": "x606"
    }, {
      "port": "input607",
      "name": "x607"
    }, {
      "port": "input608",
      "name": "x608"
    }, {
      "port": "input609",
      "name": "x609"
    }, {
      "port": "input610",
      "name": "x610"
    }, {
      "port": "input611",
      "name": "x611"
    }, {
      "port": "input612",
      "name": "x612"
    }, {
      "port": "input613",
      "name": "x613"
    }, {
      "port": "input614",
      "name": "x614"
    }, {
      "port": "input615",
      "name": "x615"
    }, {
      "port": "input616",
      "name": "x616"
    }, {
      "port": "input617",
      "name": "x617"
    }, {
      "port": "input618",
      "name": "x618"
    }, {
      "port": "input619",
      "name": "x619"
    }, {
      "port": "input620",
      "name": "x620"
    }, {
      "port": "input621",
      "name": "x621"
    }, {
      "port": "input622",
      "name": "x622"
    }, {
      "port": "input623",
      "name": "x623"
    }, {
      "port": "input624",
      "name": "x624"
    }, {
      "port": "input625",
      "name": "x625"
    }, {
      "port": "input626",
      "name": "x626"
    }, {
      "port": "input627",
      "name": "x627"
    }, {
      "port": "input628",
      "name": "x628"
    }, {
      "port": "input629",
      "name": "x629"
    }, {
      "port": "input630",
      "name": "x630"
    }, {
      "port": "input631",
      "name": "x631"
    }, {
      "port": "input632",
      "name": "x632"
    }, {
      "port": "input633",
      "name": "x633"
    }, {
      "port": "input634",
      "name": "x634"
    }, {
      "port": "input635",
      "name": "x635"
    }, {
      "port": "input636",
      "name": "x636"
    }, {
      "port": "input637",
      "name": "x637"
    }, {
      "port": "input638",
      "name": "x638"
    }, {
      "port": "input639",
      "name": "x639"
    }, {
      "port": "input640",
      "name": "x640"
    }, {
      "port": "input641",
      "name": "x641"
    }, {
      "port": "input642",
      "name": "x642"
    }, {
      "port": "input643",
      "name": "x643"
    }, {
      "port": "input644",
      "name": "x644"
    }, {
      "port": "input645",
      "name": "x645"
    }, {
      "port": "input646",
      "name": "x646"
    }, {
      "port": "input647",
      "name": "x647"
    }, {
      "port": "input648",
      "name": "x648"
    }, {
      "port": "input649",
      "name": "x649"
    }, {
      "port": "input650",
      "name": "x650"
    }, {
      "port": "input651",
      "name": "x651"
    }, {
      "port": "input652",
      "name": "x652"
    }, {
      "port": "input653",
      "name": "x653"
    }, {
      "port": "input654",
      "name": "x654"
    }, {
      "port": "input655",
      "name": "x655"
    }, {
      "port": "input656",
      "name": "x656"
    }, {
      "port": "input657",
      "name": "x657"
    }, {
      "port": "input658",
      "name": "x658"
    }, {
      "port": "input659",
      "name": "x659"
    }, {
      "port": "input660",
      "name": "x660"
    }, {
      "port": "input661",
      "name": "x661"
    }, {
      "port": "input662",
      "name": "x662"
    }, {
      "port": "input663",
      "name": "x663"
    }, {
      "port": "input664",
      "name": "x664"
    }, {
      "port": "input665",
      "name": "x665"
    }, {
      "port": "input666",
      "name": "x666"
    }, {
      "port": "input667",
      "name": "x667"
    }, {
      "port": "input668",
      "name": "x668"
    }, {
      "port": "input669",
      "name": "x669"
    }, {
      "port": "input670",
      "name": "x670"
    }, {
      "port": "input671",
      "name": "x671"
    }, {
      "port": "input672",
      "name": "x672"
    }, {
      "port": "input673",
      "name": "x673"
    }, {
      "port": "input674",
      "name": "x674"
    }, {
      "port": "input675",
      "name": "x675"
    }, {
      "port": "input676",
      "name": "x676"
    }, {
      "port": "input677",
      "name": "x677"
    }, {
      "port": "input678",
      "name": "x678"
    }, {
      "port": "input679",
      "name": "x679"
    }, {
      "port": "input680",
      "name": "x680"
    }, {
      "port": "input681",
      "name": "x681"
    }, {
      "port": "input682",
      "name": "x682"
    }, {
      "port": "input683",
      "name": "x683"
    }, {
      "port": "input684",
      "name": "x684"
    }, {
      "port": "input685",
      "name": "x685"
    }, {
      "port": "input686",
      "name": "x686"
    }, {
      "port": "input687",
      "name": "x687"
    }, {
      "port": "input688",
      "name": "x688"
    }, {
      "port": "input689",
      "name": "x689"
    }, {
      "port": "input690",
      "name": "x690"
    }, {
      "port": "input691",
      "name": "x691"
    }, {
      "port": "input692",
      "name": "x692"
    }, {
      "port": "input693",
      "name": "x693"
    }, {
      "port": "input694",
      "name": "x694"
    }, {
      "port": "input695",
      "name": "x695"
    }, {
      "port": "input696",
      "name": "x696"
    }, {
      "port": "input697",
      "name": "x697"
    }, {
      "port": "input698",
      "name": "x698"
    }, {
      "port": "input699",
      "name": "x699"
    }, {
      "port": "input700",
      "name": "x700"
    }, {
      "port": "input701",
      "name": "x701"
    }, {
      "port": "input702",
      "name": "x702"
    }, {
      "port": "input703",
      "name": "x703"
    }, {
      "port": "input704",
      "name": "x704"
    }, {
      "port": "input705",
      "name": "x705"
    }, {
      "port": "input706",
      "name": "x706"
    }, {
      "port": "input707",
      "name": "x707"
    }, {
      "port": "input708",
      "name": "x708"
    }, {
      "port": "input709",
      "name": "x709"
    }, {
      "port": "input710",
      "name": "x710"
    }, {
      "port": "input711",
      "name": "x711"
    }, {
      "port": "input712",
      "name": "x712"
    }, {
      "port": "input713",
      "name": "x713"
    }, {
      "port": "input714",
      "name": "x714"
    }, {
      "port": "input715",
      "name": "x715"
    }, {
      "port": "input716",
      "name": "x716"
    }, {
      "port": "input717",
      "name": "x717"
    }, {
      "port": "input718",
      "name": "x718"
    }, {
      "port": "input719",
      "name": "x719"
    }, {
      "port": "input720",
      "name": "x720"
    }, {
      "port": "input721",
      "name": "x721"
    }, {
      "port": "input722",
      "name": "x722"
    }, {
      "port": "input723",
      "name": "x723"
    }, {
      "port": "input724",
      "name": "x724"
    }, {
      "port": "input725",
      "name": "x725"
    }, {
      "port": "input726",
      "name": "x726"
    }, {
      "port": "input727",
      "name": "x727"
    }, {
      "port": "input728",
      "name": "x728"
    }, {
      "port": "input729",
      "name": "x729"
    }, {
      "port": "input730",
      "name": "x730"
    }, {
      "port": "input731",
      "name": "x731"
    }, {
      "port": "input732",
      "name": "x732"
    }, {
      "port": "input733",
      "name": "x733"
    }, {
      "port": "input734",
      "name": "x734"
    }, {
      "port": "input735",
      "name": "x735"
    }, {
      "port": "input736",
      "name": "x736"
    }, {
      "port": "input737",
      "name": "x737"
    }, {
      "port": "input738",
      "name": "x738"
    }, {
      "port": "input739",
      "name": "x739"
    }, {
      "port": "input740",
      "name": "x740"
    }, {
      "port": "input741",
      "name": "x741"
    }, {
      "port": "input742",
      "name": "x742"
    }, {
      "port": "input743",
      "name": "x743"
    }, {
      "port": "input744",
      "name": "x744"
    }, {
      "port": "input745",
      "name": "x745"
    }, {
      "port": "input746",
      "name": "x746"
    }, {
      "port": "input747",
      "name": "x747"
    }, {
      "port": "input748",
      "name": "x748"
    }, {
      "port": "input749",
      "name": "x749"
    }, {
      "port": "input750",
      "name": "x750"
    }, {
      "port": "input751",
      "name": "x751"
    }, {
      "port": "input752",
      "name": "x752"
    }, {
      "port": "input753",
      "name": "x753"
    }, {
      "port": "input754",
      "name": "x754"
    }, {
      "port": "input755",
      "name": "x755"
    }, {
      "port": "input756",
      "name": "x756"
    }, {
      "port": "input757",
      "name": "x757"
    }, {
      "port": "input758",
      "name": "x758"
    }, {
      "port": "input759",
      "name": "x759"
    }, {
      "port": "input760",
      "name": "x760"
    }, {
      "port": "input761",
      "name": "x761"
    }, {
      "port": "input762",
      "name": "x762"
    }, {
      "port": "input763",
      "name": "x763"
    }, {
      "port": "input764",
      "name": "x764"
    }, {
      "port": "input765",
      "name": "x765"
    }, {
      "port": "input766",
      "name": "x766"
    }, {
      "port": "input767",
      "name": "x767"
    }, {
      "port": "input768",
      "name": "x768"
    }, {
      "port": "input769",
      "name": "x769"
    }, {
      "port": "input770",
      "name": "x770"
    }, {
      "port": "input771",
      "name": "x771"
    }, {
      "port": "input772",
      "name": "x772"
    }, {
      "port": "input773",
      "name": "x773"
    }, {
      "port": "input774",
      "name": "x774"
    }, {
      "port": "input775",
      "name": "x775"
    }, {
      "port": "input776",
      "name": "x776"
    }, {
      "port": "input777",
      "name": "x777"
    }, {
      "port": "input778",
      "name": "x778"
    }, {
      "port": "input779",
      "name": "x779"
    }, {
      "port": "input780",
      "name": "x780"
    }, {
      "port": "input781",
      "name": "x781"
    }, {
      "port": "input782",
      "name": "x782"
    }, {
      "port": "input783",
      "name": "x783"
    }],
    "outputs": [{
      "port": "output",
      "name": "features"
    }]
  }
}