{"type":"internal","split":{"type":"continuous","featureIndex":3,"threshold":0.5561545238139307}}
{"type":"internal","split":{"type":"continuous","featureIndex":5,"threshold":0.6884394773216727}}
{"type":"internal","split":{"type":"continuous","featureIndex":2,"threshold":0.21615015650469802}}
{"type":"internal","split":{"type":"continuous","featureIndex":6,"threshold":-0.582773728230679}}
{"type":"internal","split":{"type":"continuous","featureIndex":0,"threshold":5.703974570569477}}
{"type":"leaf","values":[6.0,142.0,75.0,414.0,604.0,166.0,359.0,110.0,222.0,135.0]}
{"type":"leaf","values":[0.0,9.0,0.0,12.0,34.0,381.0,69.0,12.0,28.0,15.0]}
{"type":"internal","split":{"type":"continuous","featureIndex":4,"threshold":1.6555487599249203}}
{"type":"leaf","values":[0.0,29.0,0.0,0.0,0.0,1.0,0.0,0.0,13.0,0.0]}
{"type":"leaf","values":[0.0,5.0,10.0,4.0,52.0,0.0,0.0,11.0,890.0,28.0]}
{"type":"internal","split":{"type":"continuous","featureIndex":4,"threshold":4.022375949423704}}
{"type":"internal","split":{"type":"continuous","featureIndex":4,"threshold":0.9855939094545585}}
{"type":"leaf","values":[17.0,1.0,0.0,4.0,14.0,198.0,3.0,0.0,12.0,1.0]}
{"type":"leaf","values":[170.0,18.0,15.0,896.0,75.0,88.0,577.0,35.0,475.0,168.0]}
{"type":"internal","split":{"type":"continuous","featureIndex":3,"threshold":-1.5276810603020605}}
{"type":"leaf","values":[0.0,0.0,0.0,276.0,0.0,0.0,195.0,0.0,23.0,1.0]}
{"type":"leaf","values":[9.0,9.0,4.0,2101.0,3.0,2.0,100.0,5.0,194.0,6.0]}
{"type":"internal","split":{"type":"continuous","featureIndex":1,"threshold":1.6496234349627807}}
{"type":"internal","split":{"type":"continuous","featureIndex":4,"threshold":2.9288309721469172}}
{"type":"internal","split":{"type":"continuous","featureIndex":8,"threshold":1.1099093703945702}}
{"type":"leaf","values":[6.0,0.0,4.0,6.0,0.0,2.0,91.0,1.0,4.0,8.0]}
{"type":"leaf","values":[1.0,11.0,8.0,41.0,0.0,10.0,49.0,3.0,26.0,2.0]}
{"type":"internal","split":{"type":"continuous","featureIndex":2,"threshold":-0.5768092610594084}}
{"type":"leaf","values":[0.0,5.0,5.0,4.0,6.0,3.0,42.0,6.0,13.0,9.0]}
{"type":"leaf","values":[5.0,5.0,4.0,61.0,2.0,16.0,2625.0,4.0,65.0,6.0]}
{"type":"internal","split":{"type":"continuous","featureIndex":8,"threshold":1.3245224828641113}}
{"type":"internal","split":{"type":"continuous","featureIndex":9,"threshold":-0.15658133125670246}}
{"type":"leaf","values":[0.0,0.0,4.0,0.0,0.0,2.0,0.0,0.0,0.0,23.0]}
{"type":"leaf","values":[2.0,0.0,0.0,2.0,0.0,0.0,0.0,0.0,0.0,0.0]}
{"type":"internal","split":{"type":"continuous","featureIndex":3,"threshold":0.0791438564928421}}
{"type":"leaf","values":[0.0,0.0,3.0,61.0,0.0,0.0,0.0,0.0,0.0,1.0]}
{"type":"leaf","values":[0.0,0.0,10.0,16.0,0.0,0.0,12.0,3.0,0.0,2.0]}
{"type":"internal","split":{"type":"continuous","featureIndex":0,"threshold":0.2970851750362174}}
{"type":"internal","split":{"type":"continuous","featureIndex":0,"threshold":-0.13798774459897667}}
{"type":"internal","split":{"type":"continuous","featureIndex":2,"threshold":-0.15253176266348262}}
{"type":"internal","split":{"type":"continuous","featureIndex":3,"threshold":2.6544562699233847}}
{"type":"leaf","values":[11.0,40.0,5.0,0.0,1.0,0.0,0.0,0.0,5.0,0.0]}
{"type":"leaf","values":[0.0,2.0,7.0,0.0,0.0,0.0,0.0,0.0,0.0,0.0]}
{"type":"internal","split":{"type":"continuous","featureIndex":9,"threshold":-0.6410437376492122}}
{"type":"leaf","values":[20.0,25.0,1.0,0.0,62.0,0.0,0.0,0.0,21.0,0.0]}
{"type":"leaf","values":[4971.0,129.0,8.0,1.0,68.0,0.0,23.0,14.0,27.0,4.0]}
{"type":"internal","split":{"type":"continuous","featureIndex":1,"threshold":-0.05942078764109504}}
{"type":"internal","split":{"type":"continuous","featureIndex":5,"threshold":-0.7104303666866539}}
{"type":"leaf","values":[2.0,242.0,5.0,1.0,26.0,0.0,0.0,0.0,18.0,0.0]}
{"type":"leaf","values":[28.0,72.0,3.0,0.0,173.0,0.0,4.0,1.0,73.0,0.0]}
{"type":"internal","split":{"type":"continuous","featureIndex":9,"threshold":0.314491977903867}}
{"type":"leaf","values":[67.0,52.0,14.0,15.0,40.0,0.0,9.0,29.0,18.0,29.0]}
{"type":"leaf","values":[810.0,26.0,23.0,3.0,6.0,0.0,31.0,43.0,7.0,10.0]}
{"type":"internal","split":{"type":"continuous","featureIndex":7,"threshold":-0.09524471151776161}}
{"type":"internal","split":{"type":"continuous","featureIndex":4,"threshold":2.9288309721469172}}
{"type":"internal","split":{"type":"continuous","featureIndex":1,"threshold":-1.2678939872317603}}
{"type":"leaf","values":[2.0,2958.0,3.0,11.0,111.0,63.0,2.0,2.0,54.0,40.0]}
{"type":"leaf","values":[30.0,120.0,1115.0,143.0,44.0,1130.0,109.0,67.0,18.0,1122.0]}
{"type":"internal","split":{"type":"continuous","featureIndex":3,"threshold":2.194309364336905}}
{"type":"leaf","values":[222.0,264.0,733.0,891.0,433.0,125.0,786.0,256.0,1006.0,128.0]}
{"type":"leaf","values":[30.0,853.0,3190.0,116.0,676.0,604.0,96.0,426.0,252.0,496.0]}
{"type":"internal","split":{"type":"continuous","featureIndex":0,"threshold":6.262746897713836}}
{"type":"internal","split":{"type":"continuous","featureIndex":1,"threshold":-1.0012230389355814}}
{"type":"leaf","values":[1.0,930.0,49.0,35.0,3183.0,8.0,26.0,364.0,2200.0,466.0]}
{"type":"leaf","values":[390.0,348.0,802.0,907.0,307.0,707.0,627.0,4231.0,236.0,2414.0]}
{"type":"internal","split":{"type":"continuous","featureIndex":9,"threshold":-0.9595004945106854}}
{"type":"leaf","values":[0.0,0.0,9.0,0.0,10.0,51.0,6.0,48.0,3.0,129.0]}
{"type":"leaf","values":[0.0,3.0,7.0,26.0,25.0,2453.0,44.0,76.0,11.0,97.0]}
