{"type":"internal","split":{"type":"continuous","featureIndex":3,"threshold":0.5561545238139307}}
{"type":"internal","split":{"type":"continuous","featureIndex":1,"threshold":-1.2678939872317603}}
{"type":"internal","split":{"type":"continuous","featureIndex":7,"threshold":0.5885850253139809}}
{"type":"internal","split":{"type":"continuous","featureIndex":6,"threshold":-1.04592335557677}}
{"type":"internal","split":{"type":"continuous","featureIndex":3,"threshold":-1.5276810603020605}}
{"type":"leaf","values":[0.0,0.0,0.0,0.0,24.0,0.0,233.0,0.0,35.0,0.0]}
{"type":"leaf","values":[0.0,111.0,4.0,119.0,465.0,49.0,174.0,7.0,217.0,9.0]}
{"type":"internal","split":{"type":"continuous","featureIndex":6,"threshold":-0.582773728230679}}
{"type":"leaf","values":[0.0,32.0,0.0,10.0,67.0,2.0,5.0,0.0,201.0,3.0]}
{"type":"leaf","values":[0.0,12.0,0.0,21.0,47.0,1.0,0.0,0.0,965.0,1.0]}
{"type":"internal","split":{"type":"continuous","featureIndex":1,"threshold":-2.3796162224708515}}
{"type":"internal","split":{"type":"continuous","featureIndex":6,"threshold":-2.421608127325174}}
{"type":"leaf","values":[0.0,0.0,0.0,0.0,5.0,6.0,36.0,0.0,8.0,1.0]}
{"type":"leaf","values":[0.0,0.0,0.0,0.0,19.0,0.0,3.0,0.0,133.0,0.0]}
{"type":"internal","split":{"type":"continuous","featureIndex":5,"threshold":0.06516472193658207}}
{"type":"leaf","values":[0.0,1.0,0.0,9.0,32.0,15.0,101.0,6.0,65.0,5.0]}
{"type":"leaf","values":[0.0,1.0,0.0,6.0,5.0,0.0,351.0,0.0,24.0,0.0]}
{"type":"internal","split":{"type":"continuous","featureIndex":7,"threshold":0.5885850253139809}}
{"type":"internal","split":{"type":"continuous","featureIndex":4,"threshold":3.7630805405283825}}
{"type":"internal","split":{"type":"continuous","featureIndex":0,"threshold":-0.13798774459897667}}
{"type":"leaf","values":[104.0,0.0,0.0,3.0,0.0,0.0,2.0,0.0,0.0,5.0]}
{"type":"leaf","values":[47.0,94.0,97.0,690.0,98.0,273.0,603.0,31.0,139.0,253.0]}
{"type":"internal","split":{"type":"continuous","featureIndex":8,"threshold":0.3345984655083264}}
{"type":"leaf","values":[0.0,6.0,0.0,969.0,3.0,1.0,43.0,1.0,0.0,2.0]}
{"type":"leaf","values":[15.0,15.0,37.0,1684.0,19.0,9.0,748.0,75.0,56.0,21.0]}
{"type":"internal","split":{"type":"continuous","featureIndex":1,"threshold":0.8632445047403503}}
{"type":"internal","split":{"type":"continuous","featureIndex":5,"threshold":0.3623542641647797}}
{"type":"leaf","values":[6.0,1.0,12.0,137.0,21.0,135.0,406.0,36.0,29.0,53.0]}
{"type":"leaf","values":[1.0,1.0,5.0,19.0,1.0,20.0,1340.0,1.0,7.0,17.0]}
{"type":"internal","split":{"type":"continuous","featureIndex":5,"threshold":-1.2188489874199502}}
{"type":"leaf","values":[1.0,0.0,0.0,62.0,0.0,221.0,20.0,5.0,0.0,0.0]}
{"type":"leaf","values":[24.0,0.0,0.0,96.0,0.0,41.0,118.0,19.0,0.0,28.0]}
{"type":"internal","split":{"type":"continuous","featureIndex":1,"threshold":-0.7280950238661672}}
{"type":"internal","split":{"type":"continuous","featureIndex":4,"threshold":3.070641523023949}}
{"type":"internal","split":{"type":"continuous","featureIndex":0,"threshold":6.262746897713836}}
{"type":"internal","split":{"type":"continuous","featureIndex":6,"threshold":-1.760982183154412}}
{"type":"leaf","values":[4.0,3589.0,15.0,23.0,268.0,37.0,6.0,26.0,55.0,133.0]}
{"type":"leaf","values":[1.0,364.0,7.0,8.0,246.0,51.0,0.0,28.0,278.0,396.0]}
{"type":"internal","split":{"type":"continuous","featureIndex":1,"threshold":-2.3796162224708515}}
{"type":"leaf","values":[0.0,10.0,0.0,0.0,1.0,1.0,0.0,0.0,0.0,0.0]}
{"type":"leaf","values":[0.0,0.0,0.0,0.0,3.0,135.0,1.0,2.0,0.0,0.0]}
{"type":"internal","split":{"type":"continuous","featureIndex":6,"threshold":-3.2281701017018047}}
{"type":"internal","split":{"type":"continuous","featureIndex":6,"threshold":-4.041821031623208}}
{"type":"leaf","values":[0.0,758.0,7.0,42.0,75.0,14.0,1.0,56.0,1.0,0.0]}
{"type":"leaf","values":[1.0,334.0,18.0,12.0,301.0,28.0,20.0,103.0,20.0,5.0]}
{"type":"internal","split":{"type":"continuous","featureIndex":9,"threshold":1.2925788599018944}}
{"type":"leaf","values":[1.0,179.0,46.0,28.0,2289.0,87.0,51.0,316.0,2720.0,156.0]}
{"type":"leaf","values":[0.0,108.0,38.0,50.0,1429.0,0.0,2.0,78.0,351.0,145.0]}
{"type":"internal","split":{"type":"continuous","featureIndex":2,"threshold":-0.35912289573303674}}
{"type":"internal","split":{"type":"continuous","featureIndex":7,"threshold":-0.19386794009814642}}
{"type":"internal","split":{"type":"continuous","featureIndex":1,"threshold":0.589231299845699}}
{"type":"leaf","values":[11.0,33.0,207.0,37.0,66.0,31.0,0.0,55.0,21.0,39.0]}
{"type":"leaf","values":[6.0,0.0,2942.0,45.0,24.0,37.0,0.0,225.0,0.0,157.0]}
{"type":"internal","split":{"type":"continuous","featureIndex":2,"threshold":-2.0720614013998455}}
{"type":"leaf","values":[0.0,1.0,298.0,23.0,29.0,67.0,0.0,201.0,0.0,652.0]}
{"type":"leaf","values":[138.0,62.0,433.0,290.0,76.0,757.0,11.0,1157.0,33.0,830.0]}
{"type":"internal","split":{"type":"continuous","featureIndex":0,"threshold":0.2970851750362174}}
{"type":"internal","split":{"type":"continuous","featureIndex":9,"threshold":-0.49315066018296844}}
{"type":"leaf","values":[76.0,81.0,3.0,4.0,131.0,0.0,0.0,6.0,83.0,5.0]}
{"type":"leaf","values":[5820.0,207.0,38.0,6.0,79.0,0.0,72.0,61.0,49.0,17.0]}
{"type":"internal","split":{"type":"continuous","featureIndex":0,"threshold":5.703974570569477}}
{"type":"leaf","values":[548.0,323.0,1700.0,1352.0,176.0,845.0,1566.0,3127.0,228.0,2385.0]}
{"type":"leaf","values":[0.0,0.0,172.0,205.0,8.0,2948.0,102.0,119.0,2.0,140.0]}
