{"type":"internal","split":{"type":"continuous","featureIndex":3,"threshold":0.5561545238139307}}
{"type":"internal","split":{"type":"continuous","featureIndex":7,"threshold":0.5885850253139809}}
{"type":"internal","split":{"type":"continuous","featureIndex":2,"threshold":0.04728784081112432}}
{"type":"internal","split":{"type":"continuous","featureIndex":1,"threshold":-0.7280950238661672}}
{"type":"internal","split":{"type":"continuous","featureIndex":6,"threshold":-0.582773728230679}}
{"type":"leaf","values":[0.0,160.0,12.0,8.0,560.0,10.0,74.0,9.0,191.0,4.0]}
{"type":"leaf","values":[0.0,14.0,0.0,1.0,48.0,0.0,0.0,1.0,862.0,2.0]}
{"type":"internal","split":{"type":"continuous","featureIndex":4,"threshold":1.6555487599249203}}
{"type":"leaf","values":[1.0,32.0,2.0,0.0,7.0,132.0,11.0,0.0,0.0,16.0]}
{"type":"leaf","values":[5.0,13.0,86.0,273.0,31.0,56.0,111.0,90.0,20.0,91.0]}
{"type":"internal","split":{"type":"continuous","featureIndex":5,"threshold":1.0499073404613388}}
{"type":"internal","split":{"type":"continuous","featureIndex":4,"threshold":3.369412025325758}}
{"type":"leaf","values":[142.0,14.0,12.0,431.0,58.0,201.0,281.0,24.0,308.0,160.0]}
{"type":"leaf","values":[17.0,10.0,13.0,2672.0,14.0,6.0,273.0,12.0,312.0,9.0]}
{"type":"internal","split":{"type":"continuous","featureIndex":5,"threshold":1.7364382120238928}}
{"type":"leaf","values":[1.0,0.0,3.0,67.0,0.0,11.0,214.0,1.0,25.0,4.0]}
{"type":"leaf","values":[2.0,0.0,2.0,29.0,0.0,5.0,816.0,0.0,11.0,5.0]}
{"type":"internal","split":{"type":"continuous","featureIndex":5,"threshold":0.3623542641647797}}
{"type":"internal","split":{"type":"continuous","featureIndex":1,"threshold":0.4507568401591301}}
{"type":"internal","split":{"type":"continuous","featureIndex":1,"threshold":-2.0877743148785166}}
{"type":"leaf","values":[0.0,0.0,0.0,0.0,29.0,12.0,36.0,0.0,128.0,1.0]}
{"type":"leaf","values":[0.0,6.0,11.0,125.0,40.0,108.0,434.0,31.0,78.0,32.0]}
{"type":"internal","split":{"type":"continuous","featureIndex":2,"threshold":0.21615015650469802}}
{"type":"leaf","values":[0.0,0.0,0.0,58.0,0.0,254.0,65.0,19.0,0.0,28.0]}
{"type":"leaf","values":[25.0,1.0,0.0,128.0,1.0,46.0,37.0,5.0,0.0,0.0]}
{"type":"internal","split":{"type":"continuous","featureIndex":4,"threshold":2.7815481270579943}}
{"type":"internal","split":{"type":"continuous","featureIndex":8,"threshold":2.2757470761671716}}
{"type":"leaf","values":[5.0,0.0,0.0,5.0,0.0,10.0,69.0,0.0,11.0,5.0]}
{"type":"leaf","values":[0.0,3.0,3.0,9.0,0.0,7.0,6.0,0.0,10.0,0.0]}
{"type":"internal","split":{"type":"continuous","featureIndex":1,"threshold":-3.3548881840876597}}
{"type":"leaf","values":[0.0,0.0,0.0,0.0,0.0,0.0,0.0,0.0,11.0,0.0]}
{"type":"leaf","values":[2.0,0.0,0.0,35.0,6.0,9.0,1773.0,15.0,16.0,20.0]}
{"type":"internal","split":{"type":"continuous","featureIndex":7,"threshold":-0.3132846909247483}}
{"type":"internal","split":{"type":"continuous","featureIndex":2,"threshold":1.5819943798937666}}
{"type":"internal","split":{"type":"continuous","featureIndex":4,"threshold":3.2156331237157865}}
{"type":"internal","split":{"type":"continuous","featureIndex":6,"threshold":-2.9198266584417834}}
{"type":"leaf","values":[11.0,1471.0,260.0,38.0,22.0,28.0,0.0,1.0,1.0,19.0]}
{"type":"leaf","values":[47.0,990.0,973.0,44.0,171.0,66.0,34.0,35.0,91.0,265.0]}
{"type":"internal","split":{"type":"continuous","featureIndex":6,"threshold":-3.5928584179334857}}
{"type":"leaf","values":[7.0,420.0,359.0,161.0,29.0,41.0,0.0,42.0,0.0,17.0]}
{"type":"leaf","values":[44.0,179.0,2474.0,185.0,575.0,127.0,90.0,305.0,712.0,178.0]}
{"type":"internal","split":{"type":"continuous","featureIndex":2,"threshold":3.6718122191215365}}
{"type":"internal","split":{"type":"continuous","featureIndex":5,"threshold":-1.082880412218845}}
{"type":"leaf","values":[284.0,559.0,212.0,240.0,82.0,40.0,0.0,85.0,21.0,59.0]}
{"type":"leaf","values":[17.0,107.0,315.0,84.0,97.0,543.0,537.0,70.0,150.0,954.0]}
{"type":"internal","split":{"type":"continuous","featureIndex":0,"threshold":4.632792690994753}}
{"type":"leaf","values":[21.0,12.0,45.0,90.0,21.0,108.0,149.0,83.0,14.0,127.0]}
{"type":"leaf","values":[0.0,6.0,21.0,96.0,3.0,811.0,53.0,5.0,2.0,4.0]}
{"type":"internal","split":{"type":"continuous","featureIndex":1,"threshold":-0.7280950238661672}}
{"type":"internal","split":{"type":"continuous","featureIndex":5,"threshold":-1.6742027194334501}}
{"type":"internal","split":{"type":"continuous","featureIndex":4,"threshold":3.5164617613153686}}
{"type":"leaf","values":[0.0,663.0,5.0,3.0,71.0,5.0,0.0,10.0,32.0,12.0]}
{"type":"leaf","values":[0.0,212.0,35.0,42.0,280.0,0.0,0.0,239.0,218.0,10.0]}
{"type":"internal","split":{"type":"continuous","featureIndex":3,"threshold":2.4967075316351366}}
{"type":"leaf","values":[0.0,258.0,30.0,48.0,1180.0,67.0,47.0,101.0,1773.0,198.0]}
{"type":"leaf","values":[2.0,474.0,26.0,3.0,2120.0,28.0,0.0,247.0,627.0,460.0]}
{"type":"internal","split":{"type":"continuous","featureIndex":0,"threshold":0.2970851750362174}}
{"type":"internal","split":{"type":"continuous","featureIndex":0,"threshold":-0.13798774459897667}}
{"type":"leaf","values":[4953.0,154.0,11.0,1.0,95.0,0.0,22.0,11.0,51.0,0.0]}
{"type":"leaf","values":[769.0,167.0,35.0,18.0,105.0,0.0,27.0,68.0,66.0,7.0]}
{"type":"internal","split":{"type":"continuous","featureIndex":0,"threshold":6.262746897713836}}
{"type":"leaf","values":[396.0,268.0,1167.0,1023.0,231.0,710.0,801.0,4259.0,178.0,2557.0]}
{"type":"leaf","values":[0.0,0.0,17.0,52.0,13.0,2477.0,47.0,128.0,0.0,222.0]}
