{"type":"internal","split":{"type":"continuous","featureIndex":1,"threshold":-1.0012230389355814}}
{"type":"internal","split":{"type":"continuous","featureIndex":7,"threshold":-0.5656340894494372}}
{"type":"internal","split":{"type":"continuous","featureIndex":7,"threshold":-1.5650275123131003}}
{"type":"internal","split":{"type":"continuous","featureIndex":6,"threshold":-1.04592335557677}}
{"type":"internal","split":{"type":"continuous","featureIndex":2,"threshold":3.288353618137111}}
{"type":"leaf","values":[0.0,1759.0,9.0,22.0,128.0,9.0,21.0,2.0,81.0,5.0]}
{"type":"leaf","values":[0.0,2.0,1.0,5.0,5.0,44.0,2.0,0.0,7.0,3.0]}
{"type":"internal","split":{"type":"continuous","featureIndex":3,"threshold":1.7211755369057924}}
{"type":"leaf","values":[0.0,61.0,0.0,3.0,19.0,1.0,0.0,0.0,390.0,0.0]}
{"type":"leaf","values":[0.0,26.0,0.0,0.0,15.0,6.0,0.0,0.0,23.0,4.0]}
{"type":"internal","split":{"type":"continuous","featureIndex":3,"threshold":1.585818200537173}}
{"type":"internal","split":{"type":"continuous","featureIndex":6,"threshold":-1.04592335557677}}
{"type":"leaf","values":[2.0,185.0,3.0,79.0,275.0,30.0,143.0,5.0,127.0,4.0]}
{"type":"leaf","values":[0.0,41.0,1.0,26.0,107.0,2.0,1.0,2.0,778.0,3.0]}
{"type":"internal","split":{"type":"continuous","featureIndex":8,"threshold":2.0518140502866373}}
{"type":"leaf","values":[0.0,1152.0,5.0,4.0,85.0,41.0,0.0,1.0,90.0,0.0]}
{"type":"leaf","values":[1.0,234.0,0.0,1.0,262.0,24.0,0.0,3.0,127.0,39.0]}
{"type":"internal","split":{"type":"continuous","featureIndex":6,"threshold":-2.212440773686093}}
{"type":"internal","split":{"type":"continuous","featureIndex":4,"threshold":3.369412025325758}}
{"type":"internal","split":{"type":"continuous","featureIndex":3,"threshold":1.0505919507414552}}
{"type":"leaf","values":[0.0,5.0,1.0,4.0,40.0,92.0,182.0,7.0,25.0,7.0]}
{"type":"leaf","values":[0.0,1253.0,9.0,7.0,184.0,32.0,0.0,16.0,18.0,46.0]}
{"type":"internal","split":{"type":"continuous","featureIndex":3,"threshold":0.7388548642582189}}
{"type":"leaf","values":[0.0,4.0,7.0,71.0,60.0,3.0,744.0,13.0,30.0,2.0]}
{"type":"leaf","values":[0.0,400.0,38.0,14.0,1186.0,17.0,19.0,224.0,202.0,22.0]}
{"type":"internal","split":{"type":"continuous","featureIndex":3,"threshold":2.4967075316351366}}
{"type":"internal","split":{"type":"continuous","featureIndex":6,"threshold":-0.582773728230679}}
{"type":"leaf","values":[0.0,112.0,16.0,88.0,1183.0,10.0,90.0,66.0,1587.0,119.0]}
{"type":"leaf","values":[0.0,4.0,1.0,38.0,222.0,0.0,0.0,8.0,1216.0,51.0]}
{"type":"internal","split":{"type":"continuous","featureIndex":6,"threshold":-0.9032987513035801}}
{"type":"leaf","values":[1.0,62.0,20.0,0.0,1134.0,5.0,0.0,127.0,366.0,174.0]}
{"type":"leaf","values":[0.0,0.0,5.0,0.0,95.0,4.0,0.0,11.0,179.0,129.0]}
{"type":"internal","split":{"type":"continuous","featureIndex":4,"threshold":0.9855939094545585}}
{"type":"internal","split":{"type":"continuous","featureIndex":5,"threshold":-0.9551892580124048}}
{"type":"internal","split":{"type":"continuous","featureIndex":0,"threshold":2.957595433946733}}
{"type":"internal","split":{"type":"continuous","featureIndex":3,"threshold":0.3223557238272031}}
{"type":"leaf","values":[0.0,0.0,0.0,1.0,0.0,1.0,8.0,0.0,4.0,0.0]}
{"type":"leaf","values":[0.0,0.0,0.0,0.0,0.0,0.0,0.0,0.0,0.0,7.0]}
{"type":"internal","split":{"type":"continuous","featureIndex":9,"threshold":-0.7966995758466864}}
{"type":"leaf","values":[0.0,4.0,0.0,0.0,1.0,6.0,0.0,0.0,0.0,2.0]}
{"type":"leaf","values":[0.0,5.0,0.0,0.0,6.0,1539.0,2.0,3.0,5.0,10.0]}
{"type":"internal","split":{"type":"continuous","featureIndex":2,"threshold":0.9969322093641773}}
{"type":"internal","split":{"type":"continuous","featureIndex":3,"threshold":1.585818200537173}}
{"type":"leaf","values":[136.0,49.0,7.0,1.0,0.0,24.0,1.0,0.0,2.0,11.0]}
{"type":"leaf","values":[4.0,2.0,0.0,0.0,0.0,84.0,0.0,0.0,0.0,15.0]}
{"type":"internal","split":{"type":"continuous","featureIndex":9,"threshold":-0.15658133125670246}}
{"type":"leaf","values":[7.0,0.0,2.0,0.0,0.0,28.0,2.0,0.0,0.0,34.0]}
{"type":"leaf","values":[8.0,0.0,1.0,2.0,0.0,944.0,0.0,0.0,2.0,24.0]}
{"type":"internal","split":{"type":"continuous","featureIndex":3,"threshold":0.5561545238139307}}
{"type":"internal","split":{"type":"continuous","featureIndex":5,"threshold":0.8592138253996117}}
{"type":"internal","split":{"type":"continuous","featureIndex":4,"threshold":3.5164617613153686}}
{"type":"leaf","values":[156.0,35.0,55.0,541.0,60.0,288.0,461.0,36.0,53.0,259.0]}
{"type":"leaf","values":[23.0,11.0,46.0,2870.0,30.0,23.0,425.0,100.0,51.0,44.0]}
{"type":"internal","split":{"type":"continuous","featureIndex":1,"threshold":1.8325434175748376}}
{"type":"leaf","values":[9.0,4.0,26.0,70.0,2.0,16.0,1967.0,6.0,9.0,24.0]}
{"type":"leaf","values":[4.0,0.0,21.0,76.0,0.0,0.0,4.0,1.0,0.0,23.0]}
{"type":"internal","split":{"type":"continuous","featureIndex":0,"threshold":0.2970851750362174}}
{"type":"internal","split":{"type":"continuous","featureIndex":1,"threshold":0.13790860640225538}}
{"type":"leaf","values":[74.0,217.0,26.0,3.0,197.0,0.0,3.0,1.0,95.0,3.0]}
{"type":"leaf","values":[5643.0,112.0,58.0,25.0,86.0,0.0,67.0,85.0,40.0,33.0]}
{"type":"internal","split":{"type":"continuous","featureIndex":7,"threshold":-0.09524471151776161}}
{"type":"leaf","values":[278.0,159.0,4836.0,1048.0,177.0,1248.0,976.0,732.0,170.0,1677.0]}
{"type":"leaf","values":[319.0,370.0,851.0,948.0,332.0,1290.0,648.0,4307.0,264.0,2524.0]}
