{"type":"internal","split":{"type":"continuous","featureIndex":4,"threshold":2.9288309721469172}}
{"type":"internal","split":{"type":"continuous","featureIndex":4,"threshold":0.9855939094545585}}
{"type":"internal","split":{"type":"continuous","featureIndex":9,"threshold":-0.3553000908972961}}
{"type":"internal","split":{"type":"continuous","featureIndex":7,"threshold":-0.19386794009814642}}
{"type":"internal","split":{"type":"continuous","featureIndex":0,"threshold":4.922450637201644}}
{"type":"leaf","values":[0.0,159.0,6.0,0.0,1.0,6.0,1.0,2.0,4.0,24.0]}
{"type":"leaf","values":[0.0,6.0,2.0,0.0,0.0,17.0,0.0,0.0,0.0,1.0]}
{"type":"internal","split":{"type":"continuous","featureIndex":0,"threshold":4.632792690994753}}
{"type":"leaf","values":[1.0,16.0,5.0,0.0,2.0,14.0,1.0,0.0,5.0,36.0]}
{"type":"leaf","values":[0.0,2.0,0.0,0.0,0.0,36.0,0.0,0.0,0.0,2.0]}
{"type":"internal","split":{"type":"continuous","featureIndex":0,"threshold":4.357357734181349}}
{"type":"internal","split":{"type":"continuous","featureIndex":1,"threshold":-0.2761929510544496}}
{"type":"leaf","values":[0.0,216.0,0.0,7.0,9.0,56.0,5.0,0.0,4.0,13.0]}
{"type":"leaf","values":[159.0,2.0,1.0,6.0,3.0,82.0,3.0,0.0,4.0,29.0]}
{"type":"internal","split":{"type":"continuous","featureIndex":1,"threshold":-1.8253701340105288}}
{"type":"leaf","values":[0.0,46.0,0.0,0.0,0.0,16.0,0.0,0.0,1.0,0.0]}
{"type":"leaf","values":[0.0,9.0,1.0,2.0,5.0,2623.0,2.0,0.0,6.0,8.0]}
{"type":"internal","split":{"type":"continuous","featureIndex":0,"threshold":-0.13798774459897667}}
{"type":"internal","split":{"type":"continuous","featureIndex":9,"threshold":-0.6410437376492122}}
{"type":"internal","split":{"type":"continuous","featureIndex":4,"threshold":1.8850816976034281}}
{"type":"leaf","values":[11.0,0.0,0.0,0.0,0.0,0.0,0.0,0.0,0.0,0.0]}
{"type":"leaf","values":[3.0,20.0,1.0,0.0,17.0,0.0,0.0,0.0,6.0,0.0]}
{"type":"internal","split":{"type":"continuous","featureIndex":1,"threshold":-0.05942078764109504}}
{"type":"leaf","values":[1.0,62.0,2.0,0.0,27.0,0.0,0.0,0.0,3.0,3.0]}
{"type":"leaf","values":[3616.0,55.0,9.0,2.0,24.0,0.0,3.0,1.0,5.0,5.0]}
{"type":"internal","split":{"type":"continuous","featureIndex":3,"threshold":1.585818200537173}}
{"type":"internal","split":{"type":"continuous","featureIndex":6,"threshold":-1.760982183154412}}
{"type":"leaf","values":[261.0,216.0,213.0,262.0,90.0,462.0,538.0,40.0,57.0,234.0]}
{"type":"leaf","values":[148.0,246.0,141.0,237.0,160.0,150.0,107.0,52.0,527.0,588.0]}
{"type":"internal","split":{"type":"continuous","featureIndex":0,"threshold":5.292906728734371}}
{"type":"leaf","values":[272.0,3109.0,932.0,38.0,420.0,191.0,33.0,149.0,98.0,1794.0]}
{"type":"leaf","values":[0.0,42.0,48.0,31.0,10.0,1175.0,6.0,8.0,2.0,153.0]}
{"type":"internal","split":{"type":"continuous","featureIndex":3,"threshold":1.4521615110025063}}
{"type":"internal","split":{"type":"continuous","featureIndex":5,"threshold":1.0499073404613388}}
{"type":"internal","split":{"type":"continuous","featureIndex":0,"threshold":0.2970851750362174}}
{"type":"internal","split":{"type":"continuous","featureIndex":5,"threshold":-1.2188489874199502}}
{"type":"leaf","values":[719.0,8.0,1.0,13.0,2.0,0.0,6.0,0.0,1.0,2.0]}
{"type":"leaf","values":[28.0,16.0,7.0,20.0,1.0,0.0,26.0,3.0,40.0,2.0]}
{"type":"internal","split":{"type":"continuous","featureIndex":2,"threshold":0.04728784081112432}}
{"type":"leaf","values":[6.0,120.0,264.0,555.0,1104.0,114.0,269.0,552.0,1336.0,185.0]}
{"type":"leaf","values":[209.0,101.0,74.0,3855.0,127.0,42.0,909.0,147.0,1173.0,50.0]}
{"type":"internal","split":{"type":"continuous","featureIndex":2,"threshold":-0.15253176266348262}}
{"type":"internal","split":{"type":"continuous","featureIndex":7,"threshold":1.4352835793849759}}
{"type":"leaf","values":[6.0,14.0,49.0,10.0,20.0,17.0,44.0,33.0,52.0,61.0]}
{"type":"leaf","values":[0.0,0.0,1.0,0.0,0.0,2.0,48.0,2.0,0.0,6.0]}
{"type":"internal","split":{"type":"continuous","featureIndex":6,"threshold":-0.9032987513035801}}
{"type":"leaf","values":[10.0,1.0,12.0,85.0,5.0,22.0,3113.0,10.0,127.0,39.0]}
{"type":"leaf","values":[0.0,1.0,0.0,2.0,10.0,0.0,39.0,0.0,54.0,1.0]}
{"type":"internal","split":{"type":"continuous","featureIndex":2,"threshold":-1.0496932808911796}}
{"type":"internal","split":{"type":"continuous","featureIndex":1,"threshold":-0.7280950238661672}}
{"type":"internal","split":{"type":"continuous","featureIndex":6,"threshold":-2.9198266584417834}}
{"type":"leaf","values":[0.0,257.0,14.0,6.0,52.0,2.0,0.0,54.0,3.0,1.0]}
{"type":"leaf","values":[0.0,61.0,23.0,0.0,567.0,0.0,0.0,31.0,201.0,72.0]}
{"type":"internal","split":{"type":"continuous","featureIndex":7,"threshold":0.11218259002513542}}
{"type":"leaf","values":[2.0,7.0,2097.0,31.0,50.0,13.0,0.0,173.0,8.0,110.0]}
{"type":"leaf","values":[4.0,2.0,222.0,46.0,25.0,19.0,0.0,488.0,0.0,661.0]}
{"type":"internal","split":{"type":"continuous","featureIndex":7,"threshold":-0.8312047959036155}}
{"type":"internal","split":{"type":"continuous","featureIndex":1,"threshold":1.3125416683234774}}
{"type":"leaf","values":[21.0,385.0,230.0,130.0,166.0,473.0,101.0,43.0,143.0,161.0]}
{"type":"leaf","values":[43.0,0.0,1185.0,40.0,4.0,42.0,116.0,85.0,0.0,92.0]}
{"type":"internal","split":{"type":"continuous","featureIndex":1,"threshold":-1.0012230389355814}}
{"type":"leaf","values":[1.0,706.0,40.0,14.0,2639.0,25.0,0.0,313.0,1677.0,150.0]}
{"type":"leaf","values":[1197.0,375.0,549.0,518.0,372.0,353.0,367.0,3717.0,265.0,990.0]}
