{"type":"internal","split":{"type":"continuous","featureIndex":1,"threshold":-1.0012230389355814}}
{"type":"internal","split":{"type":"continuous","featureIndex":6,"threshold":-2.1039464929249583}}
{"type":"internal","split":{"type":"continuous","featureIndex":6,"threshold":-3.2281701017018047}}
{"type":"internal","split":{"type":"continuous","featureIndex":3,"threshold":1.0505919507414552}}
{"type":"internal","split":{"type":"continuous","featureIndex":9,"threshold":0.960536834728392}}
{"type":"leaf","values":[0.0,3.0,2.0,20.0,22.0,24.0,606.0,5.0,3.0,0.0]}
{"type":"leaf","values":[0.0,20.0,0.0,26.0,34.0,58.0,10.0,0.0,4.0,2.0]}
{"type":"internal","split":{"type":"continuous","featureIndex":0,"threshold":6.262746897713836}}
{"type":"leaf","values":[3.0,2941.0,17.0,22.0,357.0,14.0,4.0,106.0,28.0,5.0]}
{"type":"leaf","values":[0.0,4.0,0.0,1.0,2.0,49.0,2.0,4.0,0.0,0.0]}
{"type":"internal","split":{"type":"continuous","featureIndex":3,"threshold":0.0791438564928421}}
{"type":"internal","split":{"type":"continuous","featureIndex":5,"threshold":-0.45312449744241934}}
{"type":"leaf","values":[0.0,8.0,1.0,37.0,125.0,12.0,96.0,5.0,28.0,0.0]}
{"type":"leaf","values":[0.0,0.0,3.0,12.0,7.0,6.0,403.0,0.0,8.0,0.0]}
{"type":"internal","split":{"type":"continuous","featureIndex":8,"threshold":1.6302218118983665}}
{"type":"leaf","values":[0.0,969.0,17.0,3.0,575.0,31.0,51.0,55.0,156.0,5.0]}
{"type":"leaf","values":[1.0,544.0,23.0,23.0,871.0,69.0,7.0,115.0,214.0,83.0]}
{"type":"internal","split":{"type":"continuous","featureIndex":4,"threshold":2.259402058674739}}
{"type":"internal","split":{"type":"continuous","featureIndex":7,"threshold":-0.7004738157219982}}
{"type":"internal","split":{"type":"continuous","featureIndex":0,"threshold":6.262746897713836}}
{"type":"leaf","values":[2.0,438.0,0.0,6.0,26.0,13.0,5.0,0.0,51.0,13.0]}
{"type":"leaf","values":[0.0,0.0,0.0,0.0,0.0,19.0,0.0,0.0,0.0,0.0]}
{"type":"internal","split":{"type":"continuous","featureIndex":3,"threshold":1.4521615110025063}}
{"type":"leaf","values":[0.0,29.0,3.0,18.0,29.0,13.0,17.0,5.0,131.0,34.0]}
{"type":"leaf","values":[1.0,70.0,0.0,0.0,29.0,5.0,0.0,4.0,10.0,167.0]}
{"type":"internal","split":{"type":"continuous","featureIndex":3,"threshold":2.4967075316351366}}
{"type":"internal","split":{"type":"continuous","featureIndex":3,"threshold":1.8774838517311507}}
{"type":"leaf","values":[1.0,105.0,17.0,141.0,1220.0,11.0,68.0,36.0,3288.0,65.0]}
{"type":"leaf","values":[0.0,46.0,8.0,2.0,449.0,1.0,0.0,29.0,555.0,41.0]}
{"type":"internal","split":{"type":"continuous","featureIndex":1,"threshold":-1.8253701340105288}}
{"type":"leaf","values":[0.0,35.0,1.0,0.0,989.0,3.0,0.0,11.0,496.0,62.0]}
{"type":"leaf","values":[0.0,11.0,9.0,0.0,276.0,17.0,0.0,84.0,86.0,158.0]}
{"type":"internal","split":{"type":"continuous","featureIndex":0,"threshold":0.2970851750362174}}
{"type":"internal","split":{"type":"continuous","featureIndex":9,"threshold":-0.6410437376492122}}
{"type":"internal","split":{"type":"continuous","featureIndex":3,"threshold":2.8218945401157383}}
{"type":"internal","split":{"type":"continuous","featureIndex":1,"threshold":1.4722354010961909}}
{"type":"leaf","values":[6.0,57.0,2.0,1.0,31.0,0.0,0.0,3.0,62.0,1.0]}
{"type":"leaf","values":[7.0,0.0,0.0,0.0,0.0,0.0,0.0,1.0,0.0,0.0]}
{"type":"internal","split":{"type":"continuous","featureIndex":6,"threshold":-1.4166105492222627}}
{"type":"leaf","values":[2.0,18.0,0.0,0.0,112.0,0.0,0.0,0.0,12.0,0.0]}
{"type":"leaf","values":[0.0,0.0,0.0,0.0,0.0,0.0,0.0,0.0,5.0,0.0]}
{"type":"internal","split":{"type":"continuous","featureIndex":0,"threshold":-0.13798774459897667}}
{"type":"internal","split":{"type":"continuous","featureIndex":1,"threshold":0.31307828576252533}}
{"type":"leaf","values":[63.0,63.0,8.0,0.0,61.0,0.0,2.0,0.0,15.0,1.0]}
{"type":"leaf","values":[5040.0,50.0,10.0,13.0,9.0,0.0,21.0,13.0,8.0,3.0]}
{"type":"internal","split":{"type":"continuous","featureIndex":5,"threshold":-2.030778992406757}}
{"type":"leaf","values":[394.0,41.0,0.0,1.0,4.0,0.0,0.0,3.0,0.0,2.0]}
{"type":"leaf","values":[453.0,102.0,53.0,65.0,72.0,0.0,61.0,59.0,47.0,53.0]}
{"type":"internal","split":{"type":"continuous","featureIndex":0,"threshold":6.262746897713836}}
{"type":"internal","split":{"type":"continuous","featureIndex":7,"threshold":-0.09524471151776161}}
{"type":"internal","split":{"type":"continuous","featureIndex":3,"threshold":1.4521615110025063}}
{"type":"leaf","values":[182.0,104.0,487.0,3190.0,96.0,168.0,1247.0,213.0,187.0,449.0]}
{"type":"leaf","values":[136.0,102.0,4433.0,377.0,138.0,834.0,367.0,575.0,53.0,1343.0]}
{"type":"internal","split":{"type":"continuous","featureIndex":4,"threshold":3.369412025325758}}
{"type":"leaf","values":[299.0,140.0,288.0,269.0,148.0,799.0,515.0,326.0,71.0,1529.0]}
{"type":"leaf","values":[134.0,185.0,564.0,1597.0,203.0,99.0,2152.0,4069.0,230.0,1094.0]}
{"type":"internal","split":{"type":"continuous","featureIndex":4,"threshold":2.9288309721469172}}
{"type":"internal","split":{"type":"continuous","featureIndex":4,"threshold":2.259402058674739}}
{"type":"leaf","values":[0.0,0.0,0.0,15.0,6.0,2865.0,9.0,0.0,2.0,13.0]}
{"type":"leaf","values":[0.0,0.0,12.0,6.0,0.0,294.0,13.0,3.0,0.0,38.0]}
{"type":"internal","split":{"type":"continuous","featureIndex":5,"threshold":-0.19749880091042912}}
{"type":"leaf","values":[0.0,0.0,130.0,221.0,13.0,124.0,45.0,140.0,1.0,89.0]}
{"type":"leaf","values":[0.0,0.0,51.0,18.0,2.0,352.0,213.0,29.0,0.0,146.0]}
